codPlano;nmPlano;codAssistencia;nmAssistencia;lmtAssistencia;custo;ambito
4074;PERSONALIZADO -  CART√O ALIMENTA«√O - R$ 350,00 - 6 MESES;222;CART√O ALIMENTA«√O;R$ 350,00 POR 6 MESES;0.31;NACIONAL
4074;PLANO TOTAL;236;ASSIST NCIA FARM¡CIA;SEM LIMITES;0.00;NACIONAL
4074;PLANO TOTAL;13;Funeral Individual;R$3.000,00;0.00;NACIONAL
4074;PLANO TOTAL;235;CHAVEIRO RESIDENCIAL;AT… 200 (EMERG) E 350 (PREVISTO), LIM A 2 INTER POR VIGENCIA;0.00;NACIONAL
4073;PLANO B¡ÅSICO;18;Funeral Individual;R$2.000,00;0.00;NACIONAL
4072;ESSENCIAL;228;DESCONTO EM MEDICAMENTOS;NULL;0.00;NACIONAL
4072;ESSENCIAL;224;DESCONTO EM MEDICAMENTOS;LIMITADO A R$ 200,00 (3 INTERVEN«’ES);0.00;NACIONAL
4072;ESSENCIAL;225;ELETRICISTA;LIMITADO A R$ 200,00 (3 INTERVEN«’ES);0.00;NACIONAL
4072;ESSENCIAL;226;VIDRACEIRO;LIMITADO A R$ 200,00 (2 INTERVEN«’ES);0.00;NACIONAL
4072;ESSENCIAL;203;CHAVEIRO AUTOMOTIVO POR PERDA DAS CHAVES (ATOS VIOLENTOS);AT… R$ 200,00 - 3 INTERVEN«’ES;0.00;NACIONAL
4072;ESSENCIAL;227;FIXA«√O DE ANTENAS;LIMITADO A R$ 200,00 (2 INTERVEN«’ES);0.00;NACIONAL
4072;ESSENCIAL;229;ASSISTENCIA FARMACEUTICA;NULL;0.00;NACIONAL
4071;PLANO SUPERIOR;229;ASSISTENCIA FARMACEUTICA;NULL;0.00;NACIONAL
4071;PLANO SUPERIOR;203;CHAVEIRO AUTOMOTIVO POR PERDA DAS CHAVES (ATOS VIOLENTOS);AT… R$ 200,00 - 3 INTERVEN«’ES;0.00;NACIONAL
4071;PLANO SUPERIOR;227;FIXA«√O DE ANTENAS;LIMITADO A R$ 200,00 (2 INTERVEN«’ES);0.00;NACIONAL
4071;PLANO SUPERIOR;226;VIDRACEIRO;LIMITADO A R$ 200,00 (2 INTERVEN«’ES);0.00;NACIONAL
4071;PLANO SUPERIOR;224;ENCANADOR;LIMITADO A R$ 200,00 (3 INTERVEN«’ES);0.00;NACIONAL
4071;PLANO SUPERIOR;230;COBERTURA PROVISORIA DE TELHADOS;LIMITADO A R$ 300,00 (2 INTERVEN«’ES);0.00;NACIONAL
4071;PLANO SUPERIOR;225;ELETRICISTA;LIMITADO A R$ 200,00 (3 INTERVEN«’ES);0.00;NACIONAL
4071;PLANO SUPERIOR;228;DESCONTO EM MEDICAMENTOS;NULL;0.00;NACIONAL
4071;PLANO SUPERIOR;115;TRANSFERENCIA DE MOVEIS;ATE 400,00 POR INTERVENCAO, LIM A 1 UTILIZACAO POR VIGENCIA;0.00;NACIONAL
4071;PLANO SUPERIOR;116;GUARDA DE MOVEIS;ATE 400,00 POR INTERVENCAO, LIM A 1 UTILIZACAO POR VIGENCIA;0.00;NACIONAL
4070;PLANO PADRAO;224;ENCANADOR;LIMITADO A R$ 200,00 (3 INTERVEN«’ES);0.00;NACIONAL
4070;PLANO PADRAO;228;DESCONTO EM MEDICAMENTOS;NULL;0.00;NACIONAL
4070;PLANO PADRAO;225;ELETRICISTA;LIMITADO A R$ 200,00 (3 INTERVEN«’ES);0.00;NACIONAL
4070;PLANO PADRAO;226;VIDRACEIRO;LIMITADO A R$ 200,00 (2 INTERVEN«’ES);0.00;NACIONAL
4070;PLANO PADRAO;227;FIXA«√O DE ANTENAS;LIMITADO A R$ 200,00 (2 INTERVEN«’ES);0.00;NACIONAL
4070;PLANO PADRAO;203;CHAVEIRO AUTOMOTIVO POR PERDA DAS CHAVES (ATOS VIOLENTOS);AT… R$ 200,00 - 3 INTERVEN«’ES;0.00;NACIONAL
4070;PLANO PADRAO;229;ASSISTENCIA FARMACEUTICA;NULL;0.00;NACIONAL
4069;PLANO B¡SICO;111;ELETRICISTA;AT… 200,00, LIMITADO 2 INTERVECAO POR VIGENCIA;0.00;NACIONAL
4069;PLANO B¡SICO;223;CHAVEIRO;AT… R$ 200,00 (2 INTERVEN«’ES);0.00;NACIONAL
4069;PLANO B¡SICO;110;ENCANADOR;AT… 200,00, LIMITADO 2 INTERVECAO POR VIGENCIA;0.00;NACIONAL
4068;ASSIST NCIA VITIMA DE CRIME;202;TRANSMISS√O DE MENSAGENS URGENTES;SEM LIMITES;0.00;NACIONAL
4068;ASSIST NCIA VITIMA DE CRIME;204;DESPACHANTE PARA REEMISS√O DE DOCUMENTOS (ATOS VIOLENTOS);AT… R$200,00 - 2 INTERVEN«’ES;0.00;NACIONAL
4068;ASSIST NCIA VITIMA DE CRIME;201;TRASLADO FUNER¡RIO EM CASO DE FALECIMENTO;AT… R$ 20.000,00 - 1 INTERVEN«√O;0.00;NACIONAL
4068;ASSIST NCIA VITIMA DE CRIME;200;TRANSPORTE POR INTERRUP«√O DA VIAGEM DEVIDO FALECIMENTO;SEM LIMITE;0.00;NACIONAL
4068;ASSIST NCIA VITIMA DE CRIME;205;TRANSPORTE DO USU¡RIO EM DECORR NCIA DE ATOS VIOLENTOS;1 UTILIZA«√O;0.00;NACIONAL
4068;ASSIST NCIA VITIMA DE CRIME;199;TRANSPORTE M…DICO INTER HOSPITALAR;AT… R$ 10.000,00 - 1 INTERVEN«√O;0.00;NACIONAL
4068;ASSIST NCIA VITIMA DE CRIME;203;CHAVEIRO AUTOMOTIVO POR PERDA DAS CHAVES (ATOS VIOLENTOS);AT… R$ 200,00 - 3 INTERVEN«’ES;0.00;NACIONAL
4067;PERSONALIZADO - CART√O ALIMENTA«√O - R$250,00 - 12 MESES;198;CART√O ALIMENTA«√O;R$250,00 POR 12 MESES;0.42;NACIONAL
4066;PERSONALIZADO - CART√O ALIMENTA«√O - R$250,00 - 6 MESES;197;CART√O ALIMENTA«√O;R$250,00 POR 6 MESES;0.25;NACIONAL
4065;PERSONALIZADO - CART√O ALIMENTA«√O - R$250,00 - 3 MESES;196;CART√O ALIMENTA«√O;R$250,00 POR 3 MESES;0.16;NACIONAL
4064;PERSONALIZADO - CART√O ALIMENTA«√O - R$200,00 - 12 MESES;195;CART√O ALIMENTA«√O;R$200,00 POR 12 MESES;0.35;NACIONAL
4063;PERSONALIZADO - CART√O ALIMENTA«√O - R$200,00 - 6 MESES;194;CART√O ALIMENTA«√O;R$200,00 POR 6 MESES;0.21;NACIONAL
4062;PERSONALIZADO - CART√O ALIMENTA«√O - R$200,00 - 3 MESES;193;CART√O ALIMENTA«√O;R$200,00 POR 3 MESES;0.15;NACIONAL
4061;PERSONALIZADO -  CART√O ALIMENTA«√O - R$150,00 - 12 MESES;192;CART√O ALIMENTA«√O;R$150,00 POR 12 MESES;0.28;NACIONAL
4060;PERSONALIZADO- CART√O ALIMENTA«√O- R$150,00 - 6 MESES;191;CART√O ALIMENTA«√O;R$150,00 POR 6 MESES;0.18;NACIONAL
4059;PERSONALIZADO- CART√O ALIMENTA«√O- R$150,00 - 3 MESES;190;CART√O ALIMENTA«√O;R$ 150,00 POR 3 MESES;0.13;NACIONAL
4058;PERSONALIZADO - ASSIST NCIA FUNERAL FAMILIAR - R$10.000,00;221;ASSIST NCIA FUNERAL FAMILIAR;R$10.000,00;0.08;NACIONAL
4057;PERSONALIZADO - ASSIST NCIA FUNERAL FAMILIAR - R$ 7.000,00;220;ASSIST NCIA FUNERAL FAMILIAR;R$7.000,00;0.08;NACIONAL
4056;PERSONALIZADO - ASSIST NCIA FUNERAL FAMILIAR - R$ 5.000,00;219;ASSIST NCIA FUNERAL FAMILIAR;R$5.000,00;0.08;NACIONAL
4055;PERSONALIZADO - ASSIST NCIA FUNERAL FAMILIAR - R$ 4.000,00;218;ASSIST NCIA FUNERAL FAMILIAR;R$4.000,00;0.08;NACIONAL
4054;PERSONALIZADO - ASSIST NCIA FUNERAL FAMILIAR  - R$ 3.500,00;217;ASSIST NCIA FUNERAL FAMILIAR;R$3.500,00;0.08;NACIONAL
4053;PERSONALIZADO - ASSIST NCIA FUNERAL FAMILIAR - R$ 3.000,00;216;ASSIST NCIA FUNERAL FAMILIAR;R$3.000,00;0.08;NACIONAL
4052;PERSONALIZADO - ASSIST NCIA FUNERAL FAMILIAR - R$ 2.500,00;215;ASSIST NCIA FUNERAL FAMILIAR;R$2.500,00;0.08;NACIONAL
4051;PERSONALIZADO - ASSIST NCIA FUNERAL INDIVIDUAL - R$10.000,0;214;ASSIST NCIA FUNERAL INDIVIDUAL;R$10.000,00;0.08;NACIONAL
4050;PERSONALIZADO - ASSIST NCIA FUNERAL INDIVIDUAL - R$ 7.000,00;213;ASSIST NCIA FUNERAL INDIVIDUAL;R$7.000,00;0.08;NACIONAL
4049;PERSONALIZADO - ASSIST NCIA FUNERAL INDIVIDUAL - R$ 5.000,00;212;ASSIST NCIA FUNERAL INDIVIDUAL;R$5.000,00;0.08;NACIONAL
4048;PERSONALIZADO - ASSIST NCIA FUNERAL INDIVIDUAL - R$ 4.000,00;211;ASSIST NCIA FUNERAL INDIVIDUAL;R$4.000,00;0.08;NACIONAL
4047;PERSONALIZADO - ASSIST NCIA FUNERAL INDIVIDUAL - R$ 3.500,00;210;ASSIST NCIA FUNERAL INDIVIDUAL;R$3.500,00;0.08;NACIONAL
4046;PERSONALIZADO - ASSIST NCIA FUNERAL INDIVIDUAL - R$ 3.000,00;209;ASSIST NCIA FUNERAL INDIVIDUAL;R$3.000,00;0.08;NACIONAL
4045;PERSONALIZADO - ASSIST NCIA FUNERAL INDIVIDUAL - R$ 2.500,00;208;ASSIST NCIA FUNERAL INDIVIDUAL;R$2.500,00;0.08;NACIONAL
4044;PERSONALIZADO - ASSIST NCIA RESIDENCIAL;207;ASSIST NCIA RESIDENCIAL;NULL;0.31;NACIONAL
4043;PERSONALIZADO - ASSIST NCIA ¿ PESSOAS;206;ASSIST NCIA ¿ PESSOAS;NULL;0.12;NACIONAL E INTERNACIONAL
3639;PERSONALIZADO - CESTA NATALIDADE PLANO 8;189;CESTA NATALIDADE (MULHER) 25 KG + B‘NUS 600;1 CESTA NATALIDADE+1 CESTA ALIMENT. 25 KG+ B‘NUS 600;2.11;NACIONAL
3638;PERSONALIZADO - CESTA NATALIDADE PLANO 7;188;CESTA NATALIDADE (MULHER OU HOMEM) 25 KG + B‘NUS 600;1 CESTA NATALIDADE+ 1 CESTA ALIMENT.25KG+ B‘NUS 600;2.85;NACIONAL
3637;PERSONALIZADO - CESTA NATALIDADE PLANO 6;187;CESTA NATALIDADE (MULHER) 25KG + B‘NUS RECARREG√ÅVEL;1 CESTA NATALIDADE+1 CESTA ALIMENT. 25KG + B‘NUS RECAR. 523;1.89;NACIONAL
3636;PERSONALIZADO - CESTA NATALIDADE PLANO 5;186;CESTA NATALIDADE (MULHER OU HOMEM) 25 KG + B‘NUS RECARREG√ÅVE;1 CESTA NATALIDADE+1 CESTA ALIMENT. 25KG + B‘NUS RECAR. 523;2.55;NACIONAL
3635;PERSONALIZADO - CESTA NATALIDADE PLANO 4;185;CESTA NATALIDADE (HOMEM OU MULHER) 25 KG + B‘NUS;1 CESTA NATALIDADE +1 CESTA ALIMENT. DE 25 KG + B‘NUS 523,00;1.50;NACIONAL
3634;PERSONALIZADO - CESTA NATALIDADE PLANO 3;184;CESTA NATALIDADE (HOMEM OU MULHER) - 25 KG;1 CESTA NATALIDADE +1 CESTA ALIMENT. DE 25 KG;0.53;NACIONAL
3633;PERSONALIZADO - CESTA NATALIDADE PLANO 2;183;CESTA NATALIDADE (MULHER) - 25 KG + B‘NUS;1 CESTA NATALIDADE +1 CESTA ALIMENT. DE 25 KG + B‘NUS 523,00;1.25;NACIONAL
3632;PERSONALIZADO - CESTA NATALIDADE PLANO 1;182;CESTA NATALIDADE (MULHER) - 25 KG;1 CESTA NATALIDADE + 1 CESTA ALIMENT. DE 25 KG;0.45;NACIONAL
3631;PERSONALIZADO - CESTA ALIMENTA«√O PLANO 2;181;CESTA ALIMENTA«√O - 30 KG;3 CESTAS ALIMENTA«√O DE 30 KG;1.20;NACIONAL
3630;PERSONALIZADO - CESTA ALIMENTA«√O PLANO 1;180;CESTA ALIMENTA«√O - 25 KG;2 CESTAS ALIMENTA«√O DE 25 KG;0.81;NACIONAL
3629;PERSONALIZADO - ORIENTA«√O PSICOL”GICA;179;ORIENTA«√O PSICOL”GICA;SEM LIMITE;0.17;NACIONAL
3488;PROD_1237 - PLANO 3;172;MOTORISTA AMIGO;AT… 100 KM PARA RESID NCIA HABITUAL;0.00;NACIONAL
3488;PROD_1237 - PLANO 3;150;LOCA«√O DE FREEZER, FOG√O E GELADEIRA;R$ 200,00 POR DIA LIMITADO A 4 (QUATRO) DIAS;0.00;NACIONAL
3488;PROD_1237 - PLANO 3;153;FUNERAL;R$ 5.000,00 (REFATURADO);0.00;NACIONAL
3488;PROD_1237 - PLANO 3;154;SERVI«O DE PASSAGEM PARA UM MEMBRO DA FAMÕçLIA;TRANSPORTE MAIS ADEQUADO DEFINIDO PELA PRESTADORA;0.00;NACIONAL
3488;PROD_1237 - PLANO 3;155;TRANSPORTE E REPATRIAMENTO DO CORPO E BENEFICI¡ÅRIOS;AT… R$ 20.000,00;0.00;NACIONAL E INTERNACIONAL
3488;PROD_1237 - PLANO 3;160;ACIONAMENTO OU AGENDAMENTO DE LEVA E TRAZ;SEM LIMITE;0.00;NACIONAL
3488;PROD_1237 - PLANO 3;163;REBOQUE OU RECOLHA DE AUTOM”VEL;1 (UM) GUINCHO AT… 300 KM POR EVENTO;0.00;NACIONAL
3488;PROD_1237 - PLANO 3;164;REPARO / AUTO SOCORRO;AT… R$ 200,00 POR EVENTO;0.00;NACIONAL
3488;PROD_1237 - PLANO 3;168;TRANSPORTE PARA RECUPERA«√O DE VEÕCULO;TRANSPORTE TERRESTRE, A…REO OU MARÕTIMO;0.00;NACIONAL
3488;PROD_1237 - PLANO 3;169;TROCA DE PNEUS;CUSTEIO DA M√O DE OBRA;0.00;NACIONAL
3488;PROD_1237 - PLANO 3;170;AUXÕçLIO POR FALTA DE COMBUSTÕVEL;SEM LIMITE;0.00;NACIONAL
3488;PROD_1237 - PLANO 3;136;SERVI«O DE CHAVEIRO;R$ 250,00 POR EVENTO;0.00;NACIONAL
3488;PROD_1237 - PLANO 3;174;DESCARTE INTELIGENTE;AT… 3 (TR S) PRODUTOS LIMITADO A R$ 150,00 POR COLETA;0.00;NACIONAL
3488;PROD_1237 - PLANO 3;161;HOSPEDAGEM DE ANIMAIS;AT… 4 (QUATRO) DI¡RIAS LIMITADO A R$ 320,00;0.00;NACIONAL
3488;PROD_1237 - PLANO 3;126;M√O DE OBRA ESPECIALIZADA;SEM LIMITE;0.00;NACIONAL
3488;PROD_1237 - PLANO 3;130;PEDREIRO;R$ 500,00 POR EVENTO;0.00;NACIONAL
3488;PROD_1237 - PLANO 3;131;VIDRACEIRO;R$ 500,00 POR EVENTO;0.00;NACIONAL
3488;PROD_1237 - PLANO 3;133;SERRALHEIRO;R$ 500,00 POR EVENTO;0.00;NACIONAL
3488;PROD_1237 - PLANO 3;137;SERVI«O DE VIDRACEIRO;R$ 200,00 POR EVENTO;0.00;NACIONAL
3488;PROD_1237 - PLANO 3;143;TRANSFER NCIA DE M”VEIS;RAIO DE 50 KM;0.00;NACIONAL
3488;PROD_1237 - PLANO 3;144;GUARDA DE M”VEIS;AT… 7 (SETE) DIAS;0.00;NACIONAL
3488;PROD_1237 - PLANO 3;145;HOSPEDAGEM ALTERNATIVA;R$ 300,00 POR DIA LIMITADO A 4 (QUATRO) DIAS;0.00;NACIONAL
3488;PROD_1237 - PLANO 3;127;ELETRICISTA;R$ 250,00 POR EVENTO;0.00;NACIONAL
3488;PROD_1237 - PLANO 3;128;ENCANADOR;R$ 250,00 POR EVENTO;0.00;NACIONAL
3488;PROD_1237 - PLANO 3;132;MARCENEIRO;R$ 500,00 POR EVENTO;0.00;NACIONAL
3488;PROD_1237 - PLANO 3;141;VIGIL¬NCIA;R$ 700,00 POR EVENTO;0.00;NACIONAL
3488;PROD_1237 - PLANO 3;147;SERVI«OS DE FAXINEIRA;AT… 10 (DEZ) DI¡RIAS DE R$ 150,00 POR DIA;0.00;NACIONAL
3488;PROD_1237 - PLANO 3;148;SERVI«O DE BAB¡Å E BER«¡RIO;AT… 5 (CINCO) DI¡RIAS DE R$ 200,00 POR DIA;0.00;NACIONAL
3488;PROD_1237 - PLANO 3;149;GUARDA DE ANIMAIS DE ESTIMA«√O;R$ 150,00 POR DIA LIMITADO A 4 (QUATRO) DIAS;0.00;NACIONAL
3488;PROD_1237 - PLANO 3;165;ENVIO DE CHAVEIRO - AUTOM”VEL;M√O DE OBRA E 1 CHAVE AT… R$ 200,00;0.00;NACIONAL
3488;PROD_1237 - PLANO 3;162;ASSIST NCIA FUNERAL PET;AT… R$ 1.000,00;0.00;NACIONAL
3488;PROD_1237 - PLANO 3;138;M√O DE OBRA EL…TRICA;R$ 200,00 POR EVENTO;0.00;NACIONAL
3488;PROD_1237 - PLANO 3;167;HOSPEDAGEM POR IMOBILIZA«√O DO VEÕCULO;AT… R$ 200,00 POR DIA LIMITADO A 5 (CINCO) DIAS POR EVENTO;0.00;NACIONAL
3488;PROD_1237 - PLANO 3;157;TRANSPORTE VETERIN√ÅRIO EMERG NCIAL;AT… 150,00 POR EVENTO;0.00;NACIONAL
3488;PROD_1237 - PLANO 3;139;M√O DE OBRA HIDR¡ULICA;R$ 200,00 POR EVENTO;0.00;NACIONAL
3488;PROD_1237 - PLANO 3;158;ASSIST NCIA VETERIN¡RIA EMERG NCIAL;AT… 250,00 POR EVENTO;0.00;NACIONAL
3488;PROD_1237 - PLANO 3;159;CONSULTA VETERIN¡RIA;AT… 250,00 POR EVENTO;0.00;NACIONAL
3488;PROD_1237 - PLANO 3;166;RETORNO AO DOMICÕçLIO OU CONTINUA«√O DE VIAGEM;CONFORME DISPONIBILIDADE DE TRANSPORTE;0.00;NACIONAL
3488;PROD_1237 - PLANO 3;134;COLOCA«√O DE LONA;R$ 500,00 POR EVENTO;0.00;NACIONAL
3488;PROD_1237 - PLANO 3;151;CHECK UP RESIDENCIAL;AT… 5 (CINCO) SERVI«OS POR EVENTO LIMITADO A R$ 600,00;0.00;NACIONAL
3488;PROD_1237 - PLANO 3;173;CONCIERGE DE VEÕçCULOS;SEM LIMITE;0.00;NACIONAL
3488;PROD_1237 - PLANO 3;171;T¡XI;AT… 50 KM IDA E VOLTA LIMITADO A 1 UTILIZA«√O POR ANO;0.00;NACIONAL
3488;PROD_1237 - PLANO 3;135;COLOCA«√O DE TAPUME;R$ 500,00 POR EVENTO;0.00;NACIONAL
3488;PROD_1237 - PLANO 3;146;DESPESAS COM RESTAURANTES E LAVANDERIAS;R$ 300 POR DIA LIMITADO A 4 (QUATRO) DIAS;0.00;NACIONAL
3488;PROD_1237 - PLANO 3;129;CHAVEIRO;R$ 250,00 POR EVENTO;0.00;NACIONAL
3488;PROD_1237 - PLANO 3;140;LIMPEZA DA RESIDENCIA;R$ 700,00 POR EVENTO;0.00;NACIONAL
3488;PROD_1237 - PLANO 3;142;CONSERTO DE PORTAS E FECHADURAS;R$ 300,00 POR EVENTO;0.00;NACIONAL
3488;PROD_1237 - PLANO 3;152;ELETROASSIST;R$ 200,00 AP”S 30 (TRINTA) DIAS DA CONTRATA«√O;0.00;NACIONAL
3488;PROD_1237 - PLANO 3;156;SUPORTE E ORIENTA«√O PSICOL”GICA;DAS 08H AT… 18H DE SEGUNDA A SEXTA FEIRA;0.00;NACIONAL
3487;PROD_1237 - PLANO 2;152;ELETROASSIST;R$ 200,00 AP”S 30 (TRINTA) DIAS DA CONTRATA«√O;0.00;NACIONAL
3487;PROD_1237 - PLANO 2;156;SUPORTE E ORIENTA«√O PSICOL”GICA;DAS 08H AT… 18H DE SEGUNDA A SEXTA FEIRA;0.00;NACIONAL
3487;PROD_1237 - PLANO 2;140;LIMPEZA DA RESIDENCIA;R$ 700,00 POR EVENTO;0.00;NACIONAL
3487;PROD_1237 - PLANO 2;142;CONSERTO DE PORTAS E FECHADURAS;R$ 300,00 POR EVENTO;0.00;NACIONAL
3487;PROD_1237 - PLANO 2;129;CHAVEIRO;R$ 250,00 POR EVENTO;0.00;NACIONAL
3487;PROD_1237 - PLANO 2;146;DESPESAS COM RESTAURANTES E LAVANDERIAS;R$ 300 POR DIA LIMITADO A 4 (QUATRO) DIAS;0.00;NACIONAL
3487;PROD_1237 - PLANO 2;135;COLOCA«√O DE TAPUME;R$ 500,00 POR EVENTO;0.00;NACIONAL
3487;PROD_1237 - PLANO 2;171;T¡XI;AT… 50 KM IDA E VOLTA LIMITADO A 1 UTILIZA«√O POR ANO;0.00;NACIONAL
3487;PROD_1237 - PLANO 2;173;CONCIERGE DE VEÕçCULOS;SEM LIMITE;0.00;NACIONAL
3487;PROD_1237 - PLANO 2;134;COLOCA«√O DE LONA;R$ 500,00 POR EVENTO;0.00;NACIONAL
3487;PROD_1237 - PLANO 2;151;CHECK UP RESIDENCIAL;AT… 5 (CINCO) SERVI«OS POR EVENTO LIMITADO A R$ 600,00;0.00;NACIONAL
3487;PROD_1237 - PLANO 2;166;RETORNO AO DOMICÕçLIO OU CONTINUA«√O DE VIAGEM;CONFORME DISPONIBILIDADE DE TRANSPORTE;0.00;NACIONAL
3487;PROD_1237 - PLANO 2;158;ASSIST NCIA VETERIN¡RIA EMERG NCIAL;AT… 250,00 POR EVENTO;0.00;NACIONAL
3487;PROD_1237 - PLANO 2;159;CONSULTA VETERIN¡RIA;AT… 250,00 POR EVENTO;0.00;NACIONAL
3487;PROD_1237 - PLANO 2;139;M√O DE OBRA HIDR¡ULICA;R$ 200,00 POR EVENTO;0.00;NACIONAL
3487;PROD_1237 - PLANO 2;138;M√O DE OBRA EL…TRICA;R$ 200,00 POR EVENTO;0.00;NACIONAL
3487;PROD_1237 - PLANO 2;167;HOSPEDAGEM POR IMOBILIZA«√O DO VEÕCULO;AT… R$ 200,00 POR DIA LIMITADO A 5 (CINCO) DIAS POR EVENTO;0.00;NACIONAL
3487;PROD_1237 - PLANO 2;162;ASSIST NCIA FUNERAL PET;AT… R$ 1.000,00;0.00;NACIONAL
3487;PROD_1237 - PLANO 2;165;ENVIO DE CHAVEIRO - AUTOM”VEL;M√O DE OBRA E 1 CHAVE AT… R$ 200,00;0.00;NACIONAL
3487;PROD_1237 - PLANO 2;157;TRANSPORTE VETERIN√ÅRIO EMERG NCIAL;AT… 150,00 POR EVENTO;0.00;NACIONAL
3487;PROD_1237 - PLANO 2;149;GUARDA DE ANIMAIS DE ESTIMA«√O;R$ 150,00 POR DIA LIMITADO A 4 (QUATRO) DIAS;0.00;NACIONAL
3487;PROD_1237 - PLANO 2;148;SERVI«O DE BAB¡Å E BER«¡RIO;AT… 5 (CINCO) DI¡RIAS DE R$ 200,00 POR DIA;0.00;NACIONAL
3487;PROD_1237 - PLANO 2;147;SERVI«OS DE FAXINEIRA;AT… 10 (DEZ) DI¡RIAS DE R$ 150,00 POR DIA;0.00;NACIONAL
3487;PROD_1237 - PLANO 2;141;VIGIL¬NCIA;R$ 700,00 POR EVENTO;0.00;NACIONAL
3487;PROD_1237 - PLANO 2;132;MARCENEIRO;R$ 500,00 POR EVENTO;0.00;NACIONAL
3487;PROD_1237 - PLANO 2;128;ENCANADOR;R$ 250,00 POR EVENTO;0.00;NACIONAL
3487;PROD_1237 - PLANO 2;127;ELETRICISTA;R$ 250,00 POR EVENTO;0.00;NACIONAL
3487;PROD_1237 - PLANO 2;145;HOSPEDAGEM ALTERNATIVA;R$ 300,00 POR DIA LIMITADO A 4 (QUATRO) DIAS;0.00;NACIONAL
3487;PROD_1237 - PLANO 2;144;GUARDA DE M”VEIS;AT… 7 (SETE) DIAS;0.00;NACIONAL
3487;PROD_1237 - PLANO 2;143;TRANSFER NCIA DE M”VEIS;RAIO DE 50 KM;0.00;NACIONAL
3487;PROD_1237 - PLANO 2;137;SERVI«O DE VIDRACEIRO;R$ 200,00 POR EVENTO;0.00;NACIONAL
3487;PROD_1237 - PLANO 2;133;SERRALHEIRO;R$ 500,00 POR EVENTO;0.00;NACIONAL
3487;PROD_1237 - PLANO 2;131;VIDRACEIRO;R$ 500,00 POR EVENTO;0.00;NACIONAL
3487;PROD_1237 - PLANO 2;130;PEDREIRO;R$ 500,00 POR EVENTO;0.00;NACIONAL
3487;PROD_1237 - PLANO 2;126;M√O DE OBRA ESPECIALIZADA;SEM LIMITE;0.00;NACIONAL
3487;PROD_1237 - PLANO 2;161;HOSPEDAGEM DE ANIMAIS;AT… 4 (QUATRO) DI¡RIAS LIMITADO A R$ 320,00;0.00;NACIONAL
3487;PROD_1237 - PLANO 2;174;DESCARTE INTELIGENTE;AT… 3 (TR S) PRODUTOS LIMITADO A R$ 150,00 POR COLETA;0.00;NACIONAL
3487;PROD_1237 - PLANO 2;136;SERVI«O DE CHAVEIRO;R$ 250,00 POR EVENTO;0.00;NACIONAL
3487;PROD_1237 - PLANO 2;170;AUXÕçLIO POR FALTA DE COMBUSTÕVEL;SEM LIMITE;0.00;NACIONAL
3487;PROD_1237 - PLANO 2;169;TROCA DE PNEUS;CUSTEIO DA M√O DE OBRA;0.00;NACIONAL
3487;PROD_1237 - PLANO 2;168;TRANSPORTE PARA RECUPERA«√O DE VEÕCULO;TRANSPORTE TERRESTRE, A…REO OU MARÕTIMO;0.00;NACIONAL
3487;PROD_1237 - PLANO 2;164;REPARO / AUTO SOCORRO;AT… R$ 200,00 POR EVENTO;0.00;NACIONAL
3487;PROD_1237 - PLANO 2;160;ACIONAMENTO OU AGENDAMENTO DE LEVA E TRAZ;SEM LIMITE;0.00;NACIONAL
3487;PROD_1237 - PLANO 2;163;REBOQUE OU RECOLHA DE AUTOM”VEL;1 (UM) GUINCHO AT… 300 KM POR EVENTO;0.00;NACIONAL
3487;PROD_1237 - PLANO 2;155;TRANSPORTE E REPATRIAMENTO DO CORPO E BENEFICI¡ÅRIOS;AT… R$ 20.000,00;0.00;NACIONAL E INTERNACIONAL
3487;PROD_1237 - PLANO 2;154;SERVI«O DE PASSAGEM PARA UM MEMBRO DA FAMÕçLIA;TRANSPORTE MAIS ADEQUADO DEFINIDO PELA PRESTADORA;0.00;NACIONAL
3487;PROD_1237 - PLANO 2;150;LOCA«√O DE FREEZER, FOG√O E GELADEIRA;R$ 200,00 POR DIA LIMITADO A 4 (QUATRO) DIAS;0.00;NACIONAL
3487;PROD_1237 - PLANO 2;153;FUNERAL;R$ 5.000,00 (REFATURADO);0.00;NACIONAL
3487;PROD_1237 - PLANO 2;172;MOTORISTA AMIGO;AT… 100 KM PARA RESID NCIA HABITUAL;0.00;NACIONAL
3486;PROD_1237 - PLANO 1;172;MOTORISTA AMIGO;AT… 100 KM PARA RESID NCIA HABITUAL;0.00;NACIONAL
3486;PROD_1237 - PLANO 1;153;FUNERAL;R$ 5.000,00 (REFATURADO);0.00;NACIONAL
3486;PROD_1237 - PLANO 1;154;SERVI«O DE PASSAGEM PARA UM MEMBRO DA FAMÕçLIA;TRANSPORTE MAIS ADEQUADO DEFINIDO PELA PRESTADORA;0.00;NACIONAL
3486;PROD_1237 - PLANO 1;155;TRANSPORTE E REPATRIAMENTO DO CORPO E BENEFICI¡ÅRIOS;AT… R$ 20.000,00;0.00;NACIONAL E INTERNACIONAL
3486;PROD_1237 - PLANO 1;160;ACIONAMENTO OU AGENDAMENTO DE LEVA E TRAZ;SEM LIMITE;0.00;NACIONAL
3486;PROD_1237 - PLANO 1;163;REBOQUE OU RECOLHA DE AUTOM”VEL;1 (UM) GUINCHO AT… 300 KM POR EVENTO;0.00;NACIONAL
3486;PROD_1237 - PLANO 1;168;TRANSPORTE PARA RECUPERA«√O DE VEÕCULO;TRANSPORTE TERRESTRE, A…REO OU MARÕTIMO;0.00;NACIONAL
3486;PROD_1237 - PLANO 1;164;REPARO / AUTO SOCORRO;AT… R$ 200,00 POR EVENTO;0.00;NACIONAL
3486;PROD_1237 - PLANO 1;169;TROCA DE PNEUS;CUSTEIO DA M√O DE OBRA;0.00;NACIONAL
3486;PROD_1237 - PLANO 1;170;AUXÕçLIO POR FALTA DE COMBUSTÕVEL;SEM LIMITE;0.00;NACIONAL
3486;PROD_1237 - PLANO 1;174;DESCARTE INTELIGENTE;AT… 3 (TR S) PRODUTOS LIMITADO A R$ 150,00 POR COLETA;0.00;NACIONAL
3486;PROD_1237 - PLANO 1;136;SERVI«O DE CHAVEIRO;R$ 250,00 POR EVENTO;0.00;NACIONAL
3486;PROD_1237 - PLANO 1;161;HOSPEDAGEM DE ANIMAIS;AT… 4 (QUATRO) DI¡RIAS LIMITADO A R$ 320,00;0.00;NACIONAL
3486;PROD_1237 - PLANO 1;126;M√O DE OBRA ESPECIALIZADA;SEM LIMITE;0.00;NACIONAL
3486;PROD_1237 - PLANO 1;130;PEDREIRO;R$ 500,00 POR EVENTO;0.00;NACIONAL
3486;PROD_1237 - PLANO 1;131;VIDRACEIRO;R$ 500,00 POR EVENTO;0.00;NACIONAL
3486;PROD_1237 - PLANO 1;133;SERRALHEIRO;R$ 500,00 POR EVENTO;0.00;NACIONAL
3486;PROD_1237 - PLANO 1;137;SERVI«O DE VIDRACEIRO;R$ 200,00 POR EVENTO;0.00;NACIONAL
3486;PROD_1237 - PLANO 1;143;TRANSFER NCIA DE M”VEIS;RAIO DE 50 KM;0.00;NACIONAL
3486;PROD_1237 - PLANO 1;144;GUARDA DE M”VEIS;AT… 7 (SETE) DIAS;0.00;NACIONAL
3486;PROD_1237 - PLANO 1;145;HOSPEDAGEM ALTERNATIVA;R$ 300,00 POR DIA LIMITADO A 4 (QUATRO) DIAS;0.00;NACIONAL
3486;PROD_1237 - PLANO 1;127;ELETRICISTA;R$ 250,00 POR EVENTO;0.00;NACIONAL
3486;PROD_1237 - PLANO 1;132;MARCENEIRO;R$ 500,00 POR EVENTO;0.00;NACIONAL
3486;PROD_1237 - PLANO 1;128;ENCANADOR;R$ 250,00 POR EVENTO;0.00;NACIONAL
3486;PROD_1237 - PLANO 1;141;VIGIL¬NCIA;R$ 700,00 POR EVENTO;0.00;NACIONAL
3486;PROD_1237 - PLANO 1;147;SERVI«OS DE FAXINEIRA;AT… 10 (DEZ) DI¡RIAS DE R$ 150,00 POR DIA;0.00;NACIONAL
3486;PROD_1237 - PLANO 1;148;SERVI«O DE BAB¡Å E BER«¡RIO;AT… 5 (CINCO) DI¡RIAS DE R$ 200,00 POR DIA;0.00;NACIONAL
3486;PROD_1237 - PLANO 1;149;GUARDA DE ANIMAIS DE ESTIMA«√O;R$ 150,00 POR DIA LIMITADO A 4 (QUATRO) DIAS;0.00;NACIONAL
3486;PROD_1237 - PLANO 1;150;LOCA«√O DE FREEZER, FOG√O E GELADEIRA;R$ 200,00 POR DIA LIMITADO A 4 (QUATRO) DIAS;0.00;NACIONAL
3486;PROD_1237 - PLANO 1;165;ENVIO DE CHAVEIRO - AUTOM”VEL;M√O DE OBRA E 1 CHAVE AT… R$ 200,00;0.00;NACIONAL
3486;PROD_1237 - PLANO 1;138;M√O DE OBRA EL…TRICA;R$ 200,00 POR EVENTO;0.00;NACIONAL
3486;PROD_1237 - PLANO 1;167;HOSPEDAGEM POR IMOBILIZA«√O DO VEÕCULO;AT… R$ 200,00 POR DIA LIMITADO A 5 (CINCO) DIAS POR EVENTO;0.00;NACIONAL
3486;PROD_1237 - PLANO 1;157;TRANSPORTE VETERIN√ÅRIO EMERG NCIAL;AT… 150,00 POR EVENTO;0.00;NACIONAL
3486;PROD_1237 - PLANO 1;139;M√O DE OBRA HIDR¡ULICA;R$ 200,00 POR EVENTO;0.00;NACIONAL
3486;PROD_1237 - PLANO 1;158;ASSIST NCIA VETERIN¡RIA EMERG NCIAL;AT… 250,00 POR EVENTO;0.00;NACIONAL
3486;PROD_1237 - PLANO 1;159;CONSULTA VETERIN¡RIA;AT… 250,00 POR EVENTO;0.00;NACIONAL
3486;PROD_1237 - PLANO 1;166;RETORNO AO DOMICÕçLIO OU CONTINUA«√O DE VIAGEM;CONFORME DISPONIBILIDADE DE TRANSPORTE;0.00;NACIONAL
3486;PROD_1237 - PLANO 1;151;CHECK UP RESIDENCIAL;AT… 5 (CINCO) SERVI«OS POR EVENTO LIMITADO A R$ 600,00;0.00;NACIONAL
3486;PROD_1237 - PLANO 1;134;COLOCA«√O DE LONA;R$ 500,00 POR EVENTO;0.00;NACIONAL
3486;PROD_1237 - PLANO 1;171;T¡XI;AT… 50 KM IDA E VOLTA LIMITADO A 1 UTILIZA«√O POR ANO;0.00;NACIONAL
3486;PROD_1237 - PLANO 1;173;CONCIERGE DE VEÕçCULOS;SEM LIMITE;0.00;NACIONAL
3486;PROD_1237 - PLANO 1;135;COLOCA«√O DE TAPUME;R$ 500,00 POR EVENTO;0.00;NACIONAL
3486;PROD_1237 - PLANO 1;146;DESPESAS COM RESTAURANTES E LAVANDERIAS;R$ 300 POR DIA LIMITADO A 4 (QUATRO) DIAS;0.00;NACIONAL
3486;PROD_1237 - PLANO 1;129;CHAVEIRO;R$ 250,00 POR EVENTO;0.00;NACIONAL
3486;PROD_1237 - PLANO 1;140;LIMPEZA DA RESIDENCIA;R$ 700,00 POR EVENTO;0.00;NACIONAL
3486;PROD_1237 - PLANO 1;142;CONSERTO DE PORTAS E FECHADURAS;R$ 300,00 POR EVENTO;0.00;NACIONAL
3486;PROD_1237 - PLANO 1;162;ASSIST NCIA FUNERAL PET;AT… R$ 1.000,00;0.00;NACIONAL
3486;PROD_1237 - PLANO 1;156;SUPORTE E ORIENTA«√O PSICOL”GICA;DAS 08H AT… 18H DE SEGUNDA A SEXTA FEIRA;0.00;NACIONAL
3486;PROD_1237 - PLANO 1;152;ELETROASSIST;R$ 200,00 AP”S 30 (TRINTA) DIAS DA CONTRATA«√O;0.00;NACIONAL
3485;PROD_1236 - PLANO 1;142;CONSERTO DE PORTAS E FECHADURAS;R$ 300,00 POR EVENTO;0.00;NACIONAL
3485;PROD_1236 - PLANO 1;140;LIMPEZA DA RESIDENCIA;R$ 700,00 POR EVENTO;0.00;NACIONAL
3485;PROD_1236 - PLANO 1;129;CHAVEIRO;R$ 250,00 POR EVENTO;0.00;NACIONAL
3485;PROD_1236 - PLANO 1;146;DESPESAS COM RESTAURANTES E LAVANDERIAS;R$ 300 POR DIA LIMITADO A 4 (QUATRO) DIAS;0.00;NACIONAL
3485;PROD_1236 - PLANO 1;135;COLOCA«√O DE TAPUME;R$ 500,00 POR EVENTO;0.00;NACIONAL
3485;PROD_1236 - PLANO 1;171;T¡XI;AT… 50 KM IDA E VOLTA LIMITADO A 1 UTILIZA«√O POR ANO;0.00;NACIONAL
3485;PROD_1236 - PLANO 1;173;CONCIERGE DE VEÕçCULOS;SEM LIMITE;0.00;NACIONAL
3485;PROD_1236 - PLANO 1;134;COLOCA«√O DE LONA;R$ 500,00 POR EVENTO;0.00;NACIONAL
3485;PROD_1236 - PLANO 1;166;RETORNO AO DOMICÕçLIO OU CONTINUA«√O DE VIAGEM;CONFORME DISPONIBILIDADE DE TRANSPORTE;0.00;NACIONAL
3485;PROD_1236 - PLANO 1;139;M√O DE OBRA HIDR¡ULICA;R$ 200,00 POR EVENTO;0.00;NACIONAL
3485;PROD_1236 - PLANO 1;167;HOSPEDAGEM POR IMOBILIZA«√O DO VEÕCULO;AT… R$ 200,00 POR DIA LIMITADO A 5 (CINCO) DIAS POR EVENTO;0.00;NACIONAL
3485;PROD_1236 - PLANO 1;138;M√O DE OBRA EL…TRICA;R$ 200,00 POR EVENTO;0.00;NACIONAL
3485;PROD_1236 - PLANO 1;165;ENVIO DE CHAVEIRO - AUTOM”VEL;M√O DE OBRA E 1 CHAVE AT… R$ 200,00;0.00;NACIONAL
3485;PROD_1236 - PLANO 1;150;LOCA«√O DE FREEZER, FOG√O E GELADEIRA;R$ 200,00 POR DIA LIMITADO A 4 (QUATRO) DIAS;0.00;NACIONAL
3485;PROD_1236 - PLANO 1;148;SERVI«O DE BAB¡Å E BER«¡RIO;AT… 5 (CINCO) DI¡RIAS DE R$ 200,00 POR DIA;0.00;NACIONAL
3485;PROD_1236 - PLANO 1;149;GUARDA DE ANIMAIS DE ESTIMA«√O;R$ 150,00 POR DIA LIMITADO A 4 (QUATRO) DIAS;0.00;NACIONAL
3485;PROD_1236 - PLANO 1;147;SERVI«OS DE FAXINEIRA;AT… 10 (DEZ) DI¡RIAS DE R$ 150,00 POR DIA;0.00;NACIONAL
3485;PROD_1236 - PLANO 1;141;VIGIL¬NCIA;R$ 700,00 POR EVENTO;0.00;NACIONAL
3485;PROD_1236 - PLANO 1;128;ENCANADOR;R$ 250,00 POR EVENTO;0.00;NACIONAL
3485;PROD_1236 - PLANO 1;132;MARCENEIRO;R$ 500,00 POR EVENTO;0.00;NACIONAL
3485;PROD_1236 - PLANO 1;127;ELETRICISTA;R$ 250,00 POR EVENTO;0.00;NACIONAL
3485;PROD_1236 - PLANO 1;145;HOSPEDAGEM ALTERNATIVA;R$ 300,00 POR DIA LIMITADO A 4 (QUATRO) DIAS;0.00;NACIONAL
3485;PROD_1236 - PLANO 1;143;TRANSFER NCIA DE M”VEIS;RAIO DE 50 KM;0.00;NACIONAL
3485;PROD_1236 - PLANO 1;144;GUARDA DE M”VEIS;AT… 7 (SETE) DIAS;0.00;NACIONAL
3485;PROD_1236 - PLANO 1;137;SERVI«O DE VIDRACEIRO;R$ 200,00 POR EVENTO;0.00;NACIONAL
3485;PROD_1236 - PLANO 1;133;SERRALHEIRO;R$ 500,00 POR EVENTO;0.00;NACIONAL
3485;PROD_1236 - PLANO 1;131;VIDRACEIRO;R$ 500,00 POR EVENTO;0.00;NACIONAL
3485;PROD_1236 - PLANO 1;130;PEDREIRO;R$ 500,00 POR EVENTO;0.00;NACIONAL
3485;PROD_1236 - PLANO 1;126;M√O DE OBRA ESPECIALIZADA;SEM LIMITE;0.00;NACIONAL
3485;PROD_1236 - PLANO 1;136;SERVI«O DE CHAVEIRO;R$ 250,00 POR EVENTO;0.00;NACIONAL
3485;PROD_1236 - PLANO 1;174;DESCARTE INTELIGENTE;AT… 3 (TR S) PRODUTOS LIMITADO A R$ 150,00 POR COLETA;0.00;NACIONAL
3485;PROD_1236 - PLANO 1;170;AUXÕçLIO POR FALTA DE COMBUSTÕVEL;SEM LIMITE;0.00;NACIONAL
3485;PROD_1236 - PLANO 1;169;TROCA DE PNEUS;CUSTEIO DA M√O DE OBRA;0.00;NACIONAL
3485;PROD_1236 - PLANO 1;164;REPARO / AUTO SOCORRO;AT… R$ 200,00 POR EVENTO;0.00;NACIONAL
3485;PROD_1236 - PLANO 1;168;TRANSPORTE PARA RECUPERA«√O DE VEÕCULO;TRANSPORTE TERRESTRE, A…REO OU MARÕTIMO;0.00;NACIONAL
3485;PROD_1236 - PLANO 1;163;REBOQUE OU RECOLHA DE AUTOM”VEL;1 (UM) GUINCHO AT… 300 KM POR EVENTO;0.00;NACIONAL
3485;PROD_1236 - PLANO 1;155;TRANSPORTE E REPATRIAMENTO DO CORPO E BENEFICI¡ÅRIOS;AT… R$ 20.000,00;0.00;NACIONAL E INTERNACIONAL
3485;PROD_1236 - PLANO 1;154;SERVI«O DE PASSAGEM PARA UM MEMBRO DA FAMÕçLIA;TRANSPORTE MAIS ADEQUADO DEFINIDO PELA PRESTADORA;0.00;NACIONAL
3485;PROD_1236 - PLANO 1;153;FUNERAL;R$ 5.000,00 (REFATURADO);0.00;NACIONAL
3485;PROD_1236 - PLANO 1;172;MOTORISTA AMIGO;AT… 100 KM PARA RESID NCIA HABITUAL;0.00;NACIONAL
3484;PROD_1235 - PLANO 3;153;FUNERAL;R$ 5.000,00 (REFATURADO);0.00;NACIONAL
3484;PROD_1235 - PLANO 3;154;SERVI«O DE PASSAGEM PARA UM MEMBRO DA FAMÕçLIA;TRANSPORTE MAIS ADEQUADO DEFINIDO PELA PRESTADORA;0.00;NACIONAL
3484;PROD_1235 - PLANO 3;155;TRANSPORTE E REPATRIAMENTO DO CORPO E BENEFICI¡ÅRIOS;AT… R$ 20.000,00;0.00;NACIONAL E INTERNACIONAL
3484;PROD_1235 - PLANO 3;163;REBOQUE OU RECOLHA DE AUTOM”VEL;1 (UM) GUINCHO AT… 300 KM POR EVENTO;0.00;NACIONAL
3484;PROD_1235 - PLANO 3;168;TRANSPORTE PARA RECUPERA«√O DE VEÕCULO;TRANSPORTE TERRESTRE, A…REO OU MARÕTIMO;0.00;NACIONAL
3484;PROD_1235 - PLANO 3;164;REPARO / AUTO SOCORRO;AT… R$ 200,00 POR EVENTO;0.00;NACIONAL
3484;PROD_1235 - PLANO 3;169;TROCA DE PNEUS;CUSTEIO DA M√O DE OBRA;0.00;NACIONAL
3484;PROD_1235 - PLANO 3;170;AUXÕçLIO POR FALTA DE COMBUSTÕVEL;SEM LIMITE;0.00;NACIONAL
3484;PROD_1235 - PLANO 3;172;MOTORISTA AMIGO;AT… 100 KM PARA RESID NCIA HABITUAL;0.00;NACIONAL
3484;PROD_1235 - PLANO 3;174;DESCARTE INTELIGENTE;AT… 3 (TR S) PRODUTOS LIMITADO A R$ 150,00 POR COLETA;0.00;NACIONAL
3484;PROD_1235 - PLANO 3;136;SERVI«O DE CHAVEIRO;R$ 250,00 POR EVENTO;0.00;NACIONAL
3484;PROD_1235 - PLANO 3;134;COLOCA«√O DE LONA;R$ 500,00 POR EVENTO;0.00;NACIONAL
3484;PROD_1235 - PLANO 3;126;M√O DE OBRA ESPECIALIZADA;SEM LIMITE;0.00;NACIONAL
3484;PROD_1235 - PLANO 3;130;PEDREIRO;R$ 500,00 POR EVENTO;0.00;NACIONAL
3484;PROD_1235 - PLANO 3;131;VIDRACEIRO;R$ 500,00 POR EVENTO;0.00;NACIONAL
3484;PROD_1235 - PLANO 3;133;SERRALHEIRO;R$ 500,00 POR EVENTO;0.00;NACIONAL
3484;PROD_1235 - PLANO 3;137;SERVI«O DE VIDRACEIRO;R$ 200,00 POR EVENTO;0.00;NACIONAL
3484;PROD_1235 - PLANO 3;143;TRANSFER NCIA DE M”VEIS;RAIO DE 50 KM;0.00;NACIONAL
3484;PROD_1235 - PLANO 3;144;GUARDA DE M”VEIS;AT… 7 (SETE) DIAS;0.00;NACIONAL
3484;PROD_1235 - PLANO 3;145;HOSPEDAGEM ALTERNATIVA;R$ 300,00 POR DIA LIMITADO A 4 (QUATRO) DIAS;0.00;NACIONAL
3484;PROD_1235 - PLANO 3;127;ELETRICISTA;R$ 250,00 POR EVENTO;0.00;NACIONAL
3484;PROD_1235 - PLANO 3;132;MARCENEIRO;R$ 500,00 POR EVENTO;0.00;NACIONAL
3484;PROD_1235 - PLANO 3;128;ENCANADOR;R$ 250,00 POR EVENTO;0.00;NACIONAL
3484;PROD_1235 - PLANO 3;141;VIGIL¬NCIA;R$ 700,00 POR EVENTO;0.00;NACIONAL
3484;PROD_1235 - PLANO 3;147;SERVI«OS DE FAXINEIRA;AT… 10 (DEZ) DI¡RIAS DE R$ 150,00 POR DIA;0.00;NACIONAL
3484;PROD_1235 - PLANO 3;148;SERVI«O DE BAB¡Å E BER«¡RIO;AT… 5 (CINCO) DI¡RIAS DE R$ 200,00 POR DIA;0.00;NACIONAL
3484;PROD_1235 - PLANO 3;149;GUARDA DE ANIMAIS DE ESTIMA«√O;R$ 150,00 POR DIA LIMITADO A 4 (QUATRO) DIAS;0.00;NACIONAL
3484;PROD_1235 - PLANO 3;150;LOCA«√O DE FREEZER, FOG√O E GELADEIRA;R$ 200,00 POR DIA LIMITADO A 4 (QUATRO) DIAS;0.00;NACIONAL
3484;PROD_1235 - PLANO 3;165;ENVIO DE CHAVEIRO - AUTOM”VEL;M√O DE OBRA E 1 CHAVE AT… R$ 200,00;0.00;NACIONAL
3484;PROD_1235 - PLANO 3;138;M√O DE OBRA EL…TRICA;R$ 200,00 POR EVENTO;0.00;NACIONAL
3484;PROD_1235 - PLANO 3;139;M√O DE OBRA HIDR¡ULICA;R$ 200,00 POR EVENTO;0.00;NACIONAL
3484;PROD_1235 - PLANO 3;167;HOSPEDAGEM POR IMOBILIZA«√O DO VEÕCULO;AT… R$ 200,00 POR DIA LIMITADO A 5 (CINCO) DIAS POR EVENTO;0.00;NACIONAL
3484;PROD_1235 - PLANO 3;166;RETORNO AO DOMICÕçLIO OU CONTINUA«√O DE VIAGEM;CONFORME DISPONIBILIDADE DE TRANSPORTE;0.00;NACIONAL
3484;PROD_1235 - PLANO 3;173;CONCIERGE DE VEÕçCULOS;SEM LIMITE;0.00;NACIONAL
3484;PROD_1235 - PLANO 3;171;T¡XI;AT… 50 KM IDA E VOLTA LIMITADO A 1 UTILIZA«√O POR ANO;0.00;NACIONAL
3484;PROD_1235 - PLANO 3;135;COLOCA«√O DE TAPUME;R$ 500,00 POR EVENTO;0.00;NACIONAL
3484;PROD_1235 - PLANO 3;146;DESPESAS COM RESTAURANTES E LAVANDERIAS;R$ 300 POR DIA LIMITADO A 4 (QUATRO) DIAS;0.00;NACIONAL
3484;PROD_1235 - PLANO 3;129;CHAVEIRO;R$ 250,00 POR EVENTO;0.00;NACIONAL
3484;PROD_1235 - PLANO 3;140;LIMPEZA DA RESIDENCIA;R$ 700,00 POR EVENTO;0.00;NACIONAL
3484;PROD_1235 - PLANO 3;142;CONSERTO DE PORTAS E FECHADURAS;R$ 300,00 POR EVENTO;0.00;NACIONAL
3483;PROD_1235 - PLANO 2;142;CONSERTO DE PORTAS E FECHADURAS;R$ 300,00 POR EVENTO;0.00;NACIONAL
3483;PROD_1235 - PLANO 2;140;LIMPEZA DA RESIDENCIA;R$ 700,00 POR EVENTO;0.00;NACIONAL
3483;PROD_1235 - PLANO 2;129;CHAVEIRO;R$ 250,00 POR EVENTO;0.00;NACIONAL
3483;PROD_1235 - PLANO 2;146;DESPESAS COM RESTAURANTES E LAVANDERIAS;R$ 300 POR DIA LIMITADO A 4 (QUATRO) DIAS;0.00;NACIONAL
3483;PROD_1235 - PLANO 2;135;COLOCA«√O DE TAPUME;R$ 500,00 POR EVENTO;0.00;NACIONAL
3483;PROD_1235 - PLANO 2;171;T¡XI;AT… 50 KM IDA E VOLTA LIMITADO A 1 UTILIZA«√O POR ANO;0.00;NACIONAL
3483;PROD_1235 - PLANO 2;173;CONCIERGE DE VEÕçCULOS;SEM LIMITE;0.00;NACIONAL
3483;PROD_1235 - PLANO 2;166;RETORNO AO DOMICÕçLIO OU CONTINUA«√O DE VIAGEM;CONFORME DISPONIBILIDADE DE TRANSPORTE;0.00;NACIONAL
3483;PROD_1235 - PLANO 2;167;HOSPEDAGEM POR IMOBILIZA«√O DO VEÕCULO;AT… R$ 200,00 POR DIA LIMITADO A 5 (CINCO) DIAS POR EVENTO;0.00;NACIONAL
3483;PROD_1235 - PLANO 2;139;M√O DE OBRA HIDR¡ULICA;R$ 200,00 POR EVENTO;0.00;NACIONAL
3483;PROD_1235 - PLANO 2;138;M√O DE OBRA EL…TRICA;R$ 200,00 POR EVENTO;0.00;NACIONAL
3483;PROD_1235 - PLANO 2;165;ENVIO DE CHAVEIRO - AUTOM”VEL;M√O DE OBRA E 1 CHAVE AT… R$ 200,00;0.00;NACIONAL
3483;PROD_1235 - PLANO 2;150;LOCA«√O DE FREEZER, FOG√O E GELADEIRA;R$ 200,00 POR DIA LIMITADO A 4 (QUATRO) DIAS;0.00;NACIONAL
3483;PROD_1235 - PLANO 2;149;GUARDA DE ANIMAIS DE ESTIMA«√O;R$ 150,00 POR DIA LIMITADO A 4 (QUATRO) DIAS;0.00;NACIONAL
3483;PROD_1235 - PLANO 2;148;SERVI«O DE BAB¡Å E BER«¡RIO;AT… 5 (CINCO) DI¡RIAS DE R$ 200,00 POR DIA;0.00;NACIONAL
3483;PROD_1235 - PLANO 2;141;VIGIL¬NCIA;R$ 700,00 POR EVENTO;0.00;NACIONAL
3483;PROD_1235 - PLANO 2;147;SERVI«OS DE FAXINEIRA;AT… 10 (DEZ) DI¡RIAS DE R$ 150,00 POR DIA;0.00;NACIONAL
3483;PROD_1235 - PLANO 2;128;ENCANADOR;R$ 250,00 POR EVENTO;0.00;NACIONAL
3483;PROD_1235 - PLANO 2;132;MARCENEIRO;R$ 500,00 POR EVENTO;0.00;NACIONAL
3483;PROD_1235 - PLANO 2;127;ELETRICISTA;R$ 250,00 POR EVENTO;0.00;NACIONAL
3483;PROD_1235 - PLANO 2;145;HOSPEDAGEM ALTERNATIVA;R$ 300,00 POR DIA LIMITADO A 4 (QUATRO) DIAS;0.00;NACIONAL
3483;PROD_1235 - PLANO 2;144;GUARDA DE M”VEIS;AT… 7 (SETE) DIAS;0.00;NACIONAL
3483;PROD_1235 - PLANO 2;143;TRANSFER NCIA DE M”VEIS;RAIO DE 50 KM;0.00;NACIONAL
3483;PROD_1235 - PLANO 2;133;SERRALHEIRO;R$ 500,00 POR EVENTO;0.00;NACIONAL
3483;PROD_1235 - PLANO 2;137;SERVI«O DE VIDRACEIRO;R$ 200,00 POR EVENTO;0.00;NACIONAL
3483;PROD_1235 - PLANO 2;131;VIDRACEIRO;R$ 500,00 POR EVENTO;0.00;NACIONAL
3483;PROD_1235 - PLANO 2;130;PEDREIRO;R$ 500,00 POR EVENTO;0.00;NACIONAL
3483;PROD_1235 - PLANO 2;126;M√O DE OBRA ESPECIALIZADA;SEM LIMITE;0.00;NACIONAL
3483;PROD_1235 - PLANO 2;134;COLOCA«√O DE LONA;R$ 500,00 POR EVENTO;0.00;NACIONAL
3483;PROD_1235 - PLANO 2;136;SERVI«O DE CHAVEIRO;R$ 250,00 POR EVENTO;0.00;NACIONAL
3483;PROD_1235 - PLANO 2;174;DESCARTE INTELIGENTE;AT… 3 (TR S) PRODUTOS LIMITADO A R$ 150,00 POR COLETA;0.00;NACIONAL
3483;PROD_1235 - PLANO 2;172;MOTORISTA AMIGO;AT… 100 KM PARA RESID NCIA HABITUAL;0.00;NACIONAL
3483;PROD_1235 - PLANO 2;169;TROCA DE PNEUS;CUSTEIO DA M√O DE OBRA;0.00;NACIONAL
3483;PROD_1235 - PLANO 2;170;AUXÕçLIO POR FALTA DE COMBUSTÕVEL;SEM LIMITE;0.00;NACIONAL
3483;PROD_1235 - PLANO 2;164;REPARO / AUTO SOCORRO;AT… R$ 200,00 POR EVENTO;0.00;NACIONAL
3483;PROD_1235 - PLANO 2;168;TRANSPORTE PARA RECUPERA«√O DE VEÕCULO;TRANSPORTE TERRESTRE, A…REO OU MARÕTIMO;0.00;NACIONAL
3483;PROD_1235 - PLANO 2;163;REBOQUE OU RECOLHA DE AUTOM”VEL;1 (UM) GUINCHO AT… 300 KM POR EVENTO;0.00;NACIONAL
3483;PROD_1235 - PLANO 2;155;TRANSPORTE E REPATRIAMENTO DO CORPO E BENEFICI¡ÅRIOS;AT… R$ 20.000,00;0.00;NACIONAL E INTERNACIONAL
3483;PROD_1235 - PLANO 2;154;SERVI«O DE PASSAGEM PARA UM MEMBRO DA FAMÕçLIA;TRANSPORTE MAIS ADEQUADO DEFINIDO PELA PRESTADORA;0.00;NACIONAL
3483;PROD_1235 - PLANO 2;153;FUNERAL;R$ 5.000,00 (REFATURADO);0.00;NACIONAL
3482;PROD_1235 - PLANO 1;153;FUNERAL;R$ 5.000,00 (REFATURADO);0.00;NACIONAL
3482;PROD_1235 - PLANO 1;154;SERVI«O DE PASSAGEM PARA UM MEMBRO DA FAMÕçLIA;TRANSPORTE MAIS ADEQUADO DEFINIDO PELA PRESTADORA;0.00;NACIONAL
3482;PROD_1235 - PLANO 1;155;TRANSPORTE E REPATRIAMENTO DO CORPO E BENEFICI¡ÅRIOS;AT… R$ 20.000,00;0.00;NACIONAL E INTERNACIONAL
3482;PROD_1235 - PLANO 1;163;REBOQUE OU RECOLHA DE AUTOM”VEL;1 (UM) GUINCHO AT… 300 KM POR EVENTO;0.00;NACIONAL
3482;PROD_1235 - PLANO 1;169;TROCA DE PNEUS;CUSTEIO DA M√O DE OBRA;0.00;NACIONAL
3482;PROD_1235 - PLANO 1;164;REPARO / AUTO SOCORRO;AT… R$ 200,00 POR EVENTO;0.00;NACIONAL
3482;PROD_1235 - PLANO 1;168;TRANSPORTE PARA RECUPERA«√O DE VEÕCULO;TRANSPORTE TERRESTRE, A…REO OU MARÕTIMO;0.00;NACIONAL
3482;PROD_1235 - PLANO 1;170;AUXÕçLIO POR FALTA DE COMBUSTÕVEL;SEM LIMITE;0.00;NACIONAL
3482;PROD_1235 - PLANO 1;172;MOTORISTA AMIGO;AT… 100 KM PARA RESID NCIA HABITUAL;0.00;NACIONAL
3482;PROD_1235 - PLANO 1;174;DESCARTE INTELIGENTE;AT… 3 (TR S) PRODUTOS LIMITADO A R$ 150,00 POR COLETA;0.00;NACIONAL
3482;PROD_1235 - PLANO 1;136;SERVI«O DE CHAVEIRO;R$ 250,00 POR EVENTO;0.00;NACIONAL
3482;PROD_1235 - PLANO 1;134;COLOCA«√O DE LONA;R$ 500,00 POR EVENTO;0.00;NACIONAL
3482;PROD_1235 - PLANO 1;126;M√O DE OBRA ESPECIALIZADA;SEM LIMITE;0.00;NACIONAL
3482;PROD_1235 - PLANO 1;130;PEDREIRO;R$ 500,00 POR EVENTO;0.00;NACIONAL
3482;PROD_1235 - PLANO 1;131;VIDRACEIRO;R$ 500,00 POR EVENTO;0.00;NACIONAL
3482;PROD_1235 - PLANO 1;133;SERRALHEIRO;R$ 500,00 POR EVENTO;0.00;NACIONAL
3482;PROD_1235 - PLANO 1;137;SERVI«O DE VIDRACEIRO;R$ 200,00 POR EVENTO;0.00;NACIONAL
3482;PROD_1235 - PLANO 1;143;TRANSFER NCIA DE M”VEIS;RAIO DE 50 KM;0.00;NACIONAL
3482;PROD_1235 - PLANO 1;144;GUARDA DE M”VEIS;AT… 7 (SETE) DIAS;0.00;NACIONAL
3482;PROD_1235 - PLANO 1;145;HOSPEDAGEM ALTERNATIVA;R$ 300,00 POR DIA LIMITADO A 4 (QUATRO) DIAS;0.00;NACIONAL
3482;PROD_1235 - PLANO 1;127;ELETRICISTA;R$ 250,00 POR EVENTO;0.00;NACIONAL
3482;PROD_1235 - PLANO 1;141;VIGIL¬NCIA;R$ 700,00 POR EVENTO;0.00;NACIONAL
3482;PROD_1235 - PLANO 1;128;ENCANADOR;R$ 250,00 POR EVENTO;0.00;NACIONAL
3482;PROD_1235 - PLANO 1;132;MARCENEIRO;R$ 500,00 POR EVENTO;0.00;NACIONAL
3482;PROD_1235 - PLANO 1;147;SERVI«OS DE FAXINEIRA;AT… 10 (DEZ) DI¡RIAS DE R$ 150,00 POR DIA;0.00;NACIONAL
3482;PROD_1235 - PLANO 1;148;SERVI«O DE BAB¡Å E BER«¡RIO;AT… 5 (CINCO) DI¡RIAS DE R$ 200,00 POR DIA;0.00;NACIONAL
3482;PROD_1235 - PLANO 1;149;GUARDA DE ANIMAIS DE ESTIMA«√O;R$ 150,00 POR DIA LIMITADO A 4 (QUATRO) DIAS;0.00;NACIONAL
3482;PROD_1235 - PLANO 1;150;LOCA«√O DE FREEZER, FOG√O E GELADEIRA;R$ 200,00 POR DIA LIMITADO A 4 (QUATRO) DIAS;0.00;NACIONAL
3482;PROD_1235 - PLANO 1;138;M√O DE OBRA EL…TRICA;R$ 200,00 POR EVENTO;0.00;NACIONAL
3482;PROD_1235 - PLANO 1;139;M√O DE OBRA HIDR¡ULICA;R$ 200,00 POR EVENTO;0.00;NACIONAL
3482;PROD_1235 - PLANO 1;167;HOSPEDAGEM POR IMOBILIZA«√O DO VEÕCULO;AT… R$ 200,00 POR DIA LIMITADO A 5 (CINCO) DIAS POR EVENTO;0.00;NACIONAL
3482;PROD_1235 - PLANO 1;165;ENVIO DE CHAVEIRO - AUTOM”VEL;M√O DE OBRA E 1 CHAVE AT… R$ 200,00;0.00;NACIONAL
3482;PROD_1235 - PLANO 1;166;RETORNO AO DOMICÕçLIO OU CONTINUA«√O DE VIAGEM;CONFORME DISPONIBILIDADE DE TRANSPORTE;0.00;NACIONAL
3482;PROD_1235 - PLANO 1;173;CONCIERGE DE VEÕçCULOS;SEM LIMITE;0.00;NACIONAL
3482;PROD_1235 - PLANO 1;171;T¡XI;AT… 50 KM IDA E VOLTA LIMITADO A 1 UTILIZA«√O POR ANO;0.00;NACIONAL
3482;PROD_1235 - PLANO 1;135;COLOCA«√O DE TAPUME;R$ 500,00 POR EVENTO;0.00;NACIONAL
3482;PROD_1235 - PLANO 1;146;DESPESAS COM RESTAURANTES E LAVANDERIAS;R$ 300 POR DIA LIMITADO A 4 (QUATRO) DIAS;0.00;NACIONAL
3482;PROD_1235 - PLANO 1;129;CHAVEIRO;R$ 250,00 POR EVENTO;0.00;NACIONAL
3482;PROD_1235 - PLANO 1;140;LIMPEZA DA RESIDENCIA;R$ 700,00 POR EVENTO;0.00;NACIONAL
3482;PROD_1235 - PLANO 1;142;CONSERTO DE PORTAS E FECHADURAS;R$ 300,00 POR EVENTO;0.00;NACIONAL
3481;BB SEGUROS EMPRESA FLEX - ASSISTENCIA PME;120;DESCARTE INTELIGENTE;ATE 3 ITENS POR COLETA, LIM A 2 INTERV POR VIGENCIA;0.00;NACIONAL
3481;BB SEGUROS EMPRESA FLEX - ASSISTENCIA PME;112;SERVICO DE VIGIA;ATE 500,00 POR INTERVENCAO, LIMITADO A 2 UTILIZ POR VIGENCIA;0.00;NACIONAL
3481;BB SEGUROS EMPRESA FLEX - ASSISTENCIA PME;114;SERVICO DE LIMPEZA;ATE 500,00 POR INTERVENCAO, LIMITADO A 2 UTILIZ POR VIGENCIA;0.00;NACIONAL
3481;BB SEGUROS EMPRESA FLEX - ASSISTENCIA PME;111;ELETRICISTA;AT… 200,00, LIMITADO 2 INTERVECAO POR VIGENCIA;0.00;NACIONAL
3481;BB SEGUROS EMPRESA FLEX - ASSISTENCIA PME;123;RETORNO ANTECIPADO DE PESSOA USUARIA;ATE 2 INTERVENCOES POR VIGENCIA;0.00;NACIONAL
3481;BB SEGUROS EMPRESA FLEX - ASSISTENCIA PME;124;SERVICO COURIER;ATE 2 ATENDIMENTOS POR VIGENCIA;0.00;NACIONAL
3481;BB SEGUROS EMPRESA FLEX - ASSISTENCIA PME;177;ORIENTACAO CONTABIL;ATE 2 UTILIZACAO POR ANO DE VIGENCIA;0.00;NACIONAL
3481;BB SEGUROS EMPRESA FLEX - ASSISTENCIA PME;109;CHAVEIRO;AT… 150 (EMERG) E 250 (PREVISTO), LIM A 2 INTER POR VIGENCIA;0.00;NACIONAL
3481;BB SEGUROS EMPRESA FLEX - ASSISTENCIA PME;121;REPAROS DE TELEFONIA;ATE 100,00, LIMITADO A 2 INTERVENCOES POR VIGENCIA;0.00;NACIONAL
3481;BB SEGUROS EMPRESA FLEX - ASSISTENCIA PME;125;INFORMACAO E INDICACAO DE PROFISSIONAIS;SEM LIMITE;0.00;NACIONAL
3481;BB SEGUROS EMPRESA FLEX - ASSISTENCIA PME;110;ENCANADOR;AT… 200,00, LIMITADO 2 INTERVECAO POR VIGENCIA;0.00;NACIONAL
3481;BB SEGUROS EMPRESA FLEX - ASSISTENCIA PME;117;COBERTURA PROVISORIA DE TELHADOS;ATE 400,00 POR EVENTO, LIMIT A 2 INTERVENCOES POR VIGENCIA;0.00;NACIONAL
3481;BB SEGUROS EMPRESA FLEX - ASSISTENCIA PME;116;GUARDA DE MOVEIS;ATE 400,00 POR INTERVENCAO, LIM A 1 UTILIZACAO POR VIGENCIA;0.00;NACIONAL
3481;BB SEGUROS EMPRESA FLEX - ASSISTENCIA PME;113;VIDRACEIRO;ATE 150,00 POR INTERVENCAO, LIMITADO A 2 UTILIZ POR VIGENCIA;0.00;NACIONAL
3481;BB SEGUROS EMPRESA FLEX - ASSISTENCIA PME;115;TRANSFERENCIA DE MOVEIS;ATE 400,00 POR INTERVENCAO, LIM A 1 UTILIZACAO POR VIGENCIA;0.00;NACIONAL
3481;BB SEGUROS EMPRESA FLEX - ASSISTENCIA PME;118;ESCRITORIO VIRTUAL;ATE 600,00 POR ATE 10 DIAS, LIMITADO A 1 INTERV POR VIGENCIA;0.00;NACIONAL
3481;BB SEGUROS EMPRESA FLEX - ASSISTENCIA PME;122;REPARO EM BEBEDOUROS;ATE 100,00, LIMITADO ATE 2 INTERVENCAO POR VIGENCIA;0.00;NACIONAL
3481;BB SEGUROS EMPRESA FLEX - ASSISTENCIA PME;119;CONSERTO APARELHOS LINHA BRANCA E MARROM;ATE 300 (PREVISTO) OU 200 (DESG NATUR) LIM 2 INTER POR VIG;0.00;NACIONAL
3481;BB SEGUROS EMPRESA FLEX - ASSISTENCIA PME;175;HELP DESK;VISIT T…C E INSTAL 2 ITENS P/INTERV - ACESSO REMOTO:SEM LIM;0.00;NACIONAL
3481;BB SEGUROS EMPRESA FLEX - ASSISTENCIA PME;176;ORIENTACAO JURIDICA;ATE 2 UTILIZA«√O POR ANO DE VIGENCIA;0.00;INTERNACIONAL
3479;BB SEGUROS EMPRESA FLEX - INSPE«√O EMPRESARIAL;95;LUBRIFICACAO DE DOBRADICAS E FECHADURAS;1 UTILIZACAO POR VIGENCIA DA APOLICE;0.00;NACIONAL
3479;BB SEGUROS EMPRESA FLEX - INSPE«√O EMPRESARIAL;99;INSTALACAO DE INTERFONE;1 UTILIZACAO POR VIGENCIA DA APOLICE;0.00;NACIONAL
3479;BB SEGUROS EMPRESA FLEX - INSPE«√O EMPRESARIAL;92;LUBRIFICACAO E LIMPEZA DE PORTA DE ACO COMERCIAL;1 UTILIZACAO POR VIGENCIA;0.00;NACIONAL
3479;BB SEGUROS EMPRESA FLEX - INSPE«√O EMPRESARIAL;108;INSTALACAO DE FECHADURA ELETRICA E PORTEIRO ELETRONICO;1 UTILIZACAO POR VIGENCIA DA APOLICE;0.00;NACIONAL
3479;BB SEGUROS EMPRESA FLEX - INSPE«√O EMPRESARIAL;91;LIMPEZA DE AR CONDICIONADO;1 UTILIZA«√O POR VIG NCIA DA AP”LICE;0.00;NACIONAL
3479;BB SEGUROS EMPRESA FLEX - INSPE«√O EMPRESARIAL;93;TROCA DE SOLEIRA;1 UTILIZACAO POR VIGENCIA DA APOLICE;0.00;NACIONAL
3479;BB SEGUROS EMPRESA FLEX - INSPE«√O EMPRESARIAL;96;FIXACAO DE ANTENAS;1 UTILIZACAO POR VIGENCIA DA APOLICE;0.00;NACIONAL
3479;BB SEGUROS EMPRESA FLEX - INSPE«√O EMPRESARIAL;97;INSTALACAO DE OLHO MAGICO;1 UTILIZACAO POR VIGENCIA DA APOLICE;0.00;NACIONAL
3479;BB SEGUROS EMPRESA FLEX - INSPE«√O EMPRESARIAL;98;INSTALACAO DE TOMADAS, INTERRUPTORES E EXTENCOES ELETRICAS;1 UTILIZACAO POR VIGENCIA DA APOLICE;0.00;NACIONAL
3479;BB SEGUROS EMPRESA FLEX - INSPE«√O EMPRESARIAL;100;LIMPEZA DE CAIXA D`AGUA;1 CAIXA D`AGUA DE ATE 20.000 LITROS, LIM A 1 UTILIZ POR VIG;0.00;NACIONAL
3479;BB SEGUROS EMPRESA FLEX - INSPE«√O EMPRESARIAL;103;REVISAO DAS INSTALACOES ELETRICAS;1 UTILIZACAO POR VIGENCIA DA APOLICE;0.00;NACIONAL
3479;BB SEGUROS EMPRESA FLEX - INSPE«√O EMPRESARIAL;104;REVISAO HIDRAULICA;1 UTILIZACAO POR VIGENCIA DA APOLICE;0.00;NACIONAL
3479;BB SEGUROS EMPRESA FLEX - INSPE«√O EMPRESARIAL;106;INSTALACAO DE AR CONDICIONADO;1 UTILIZACAO POR VIGENCIA DA APOLICE;0.00;NACIONAL
3479;BB SEGUROS EMPRESA FLEX - INSPE«√O EMPRESARIAL;107;PADRONIZACAO DE TOMADA;1 UTILIZACAO POR VIGENCIA DA APOLICE;0.00;NACIONAL
3479;BB SEGUROS EMPRESA FLEX - INSPE«√O EMPRESARIAL;94;COLOCACAO DE FECHADURA TETRA;1 UTILIZACAO POR VIGENCIA DA APOLICE;0.00;NACIONAL
3479;BB SEGUROS EMPRESA FLEX - INSPE«√O EMPRESARIAL;101;VERIFICACAO DE EXTITORES;1 UTILIZACAO POR VIGENCIA DA APOLICE;0.00;NACIONAL
3479;BB SEGUROS EMPRESA FLEX - INSPE«√O EMPRESARIAL;102;VERIFICACAO DE LUZES DE EMERGENCIA;1 UTILIZACAO POR VIGENCIA DA APOLICE;0.00;NACIONAL
3479;BB SEGUROS EMPRESA FLEX - INSPE«√O EMPRESARIAL;105;LOCACAO DE CACAMBA;1 CACAMBA DE AT… 4 METROS CUBICOS, LIM A 1 UTILIZ POR VIGEN;0.00;NACIONAL
2904;ASSIST NCIA ESCOLAR;90;ASSIST NCIA ESCOLAR;NULL;0.23;NACIONAL E INTERNACIONAL
2782;CESTA NATALIDADE - ALIMENTA«√O;71;CESTA NATALIDADE - ALIMENTA«√O;NULL;0.91;NACIONAL
2666;TIT. + C‘NJ. + FILHOS - VIDA EMP. FLEX;232;FUNERAL TITULAR + C‘NJUGE+FILHOS;NULL;0.00;NACIONAL E INTERNACIONAL
2665;TIT.+ C‘NJUGE - VIDA EMP. FLEX;231;FUNERAL TITULAR + C‘NJUGE;NULL;0.00;NACIONAL E INTERNACIONAL
2664;PROD_1218_PLANO INDIVIDUAL;234;FUNERAL INDIVIDUAL;NULL;0.00;NACIONAL E INTERNACIONAL
2534;OURO VIDA PROMOCIONAL - 135;255;PR… CHECK-IN A…REO;SEM LIMITE;0.62;NACIONAL E INTERNACIONAL
2534;OURO VIDA PROMOCIONAL - 135;294;CHAVEIRO PARA VEÕCULO;M√O DE OBRA P/ ABERTURA DO VEIC. LIMITADO A 2 UTILZ POR VIG.;0.62;MERCOSUL
2534;OURO VIDA PROMOCIONAL - 135;297;TRANSPORTE PARA RECUPERA«√O DO VEÕCULO;1 PASSAGEM A…REA, CLASSE EC‘. LIMITADO A 2 UTILIZ POR VIGEN.;0.62;MERCOSUL
2534;OURO VIDA PROMOCIONAL - 135;253;PASSAGEM PARA UM MEMBRO DA FAMÕçLIA;1 PASSAGEM A…REA CLASSE ECON‘MICA IDA E VOLTA;0.62;NACIONAL E INTERNACIONAL
2534;OURO VIDA PROMOCIONAL - 135;290;HOSPEDAGEM ALTERNATIVA;R$100,00/DIA LIMITADO A R$400 P/EVENTO LIM. 2 UTIL. POR VIG.;0.62;NACIONAL
2534;OURO VIDA PROMOCIONAL - 135;299;AUXÕçLIO POR FALTA DE COMBUSTÕVEL;REBOQUE AT… POSTO DE ABASTE. LIMITADO 2 UTILIZ. POR VIGENCIA;0.62;MERCOSUL
2534;OURO VIDA PROMOCIONAL - 135;256;LOCALIZA«√O DE BAGAGEM;SEM LIMITE;0.62;NACIONAL E INTERNACIONAL
2534;OURO VIDA PROMOCIONAL - 135;260;INFORMA«’ES DE VIAGEM;SEM LIMITE;0.62;NACIONAL E INTERNACIONAL
2534;OURO VIDA PROMOCIONAL - 135;292;REBOQUE AP”S ACIDENTE OU PANE;AT… 100KM OU R$300,00, LIMITADO A 2 UTILIZ POR VIGENCIA;0.62;MERCOSUL
2534;OURO VIDA PROMOCIONAL - 135;237;ELETRICISTA;ATE 150,00 POR INTERVENCAO, LIMITADO A 2 UTILIZ POR VIGENCIA;0.62;NACIONAL
2534;OURO VIDA PROMOCIONAL - 135;239;CHAVEIRO;ATE 150,00 POR INTERVENCAO, LIMITADO A 2 UTILIZ POR VIGENCIA;0.62;NACIONAL
2534;OURO VIDA PROMOCIONAL - 135;244;GUARDA DE M”VEIS;ATE 200,00 POR INTERVENCAO, LIMITADO A 2 UTILIZ POR VIGENCIA;0.62;NACIONAL
2534;OURO VIDA PROMOCIONAL - 135;241;LIMPEZA DE RESID NCIA;ATE 150,00 POR INTERVENCAO, LIMITADO A 2 UTILIZ POR VIGENCIA;0.62;NACIONAL
2534;OURO VIDA PROMOCIONAL - 135;243;TRANSFER NCIA DE M”VEIS;ATE 200,00 POR INTERVENCAO, LIMITADO A 2 UTILIZ POR VIGENCIA;0.62;NACIONAL
2534;OURO VIDA PROMOCIONAL - 135;296;HOSPEDAGEM POR IMOBILIZA«√O DO VEÕCULO;AT… R$ 100,00/DIA MAX. 5 DIAS POR EVENTO, LIM. 2 UTILIZ VIG.;0.62;MERCOSUL
2534;OURO VIDA PROMOCIONAL - 135;288;CONSULTORIA OR«AMENT¡RIA;SEM LIMITES;0.62;NACIONAL
2534;OURO VIDA PROMOCIONAL - 135;289;VIGIL¬NCIA E CONSERTO DE FECHADURAS;R$300,00 (VIGIL¬NCIA) R$150,00 (CHAVEIRO) LIM. 2 UTIL. VIG.;0.62;NACIONAL
2534;OURO VIDA PROMOCIONAL - 135;291;DESPESAS COM RESTAURANTES E LAVANDERIAS;R$100/DIA ATE R$400 POR INTERVENCAO, LIM. A 2 UTILIZ VIGEN.;0.62;NACIONAL
2534;OURO VIDA PROMOCIONAL - 135;293;AUTO - SOCORRO AP”S ACIDENTE OU PANE;AT… R$200,00 POR EVENTO, LIMITADO A 2 UTILIZ POR VIGENCIA;0.62;MERCOSUL
2534;OURO VIDA PROMOCIONAL - 135;295;RETORNO AO DOMICÕçLIO OU CONTINUA«√O DA VIAGEM;MAX. 1 PASSAGEM A…REA, CLASSE EC‘. LIM. A 2 UTIL. POR VIG.;0.62;MERCOSUL
2534;OURO VIDA PROMOCIONAL - 135;298;TROCA DE PNEU;M√O DE OBRA P/ TROCA, LIMITADO A 2 UTILIZ POR VIGENCIA;0.62;MERCOSUL
2534;OURO VIDA PROMOCIONAL - 135;238;ENCANADOR;ATE 150,00 POR INTERVENCAO, LIMITADO A 2 UTILIZ POR VIGENCIA;0.62;NACIONAL
2534;OURO VIDA PROMOCIONAL - 135;254;ACOMPANHANTE EM CASO DE INTERNA«√O HOSPITALAR;TRANSP AO LOCAL DE INTERNA«√O E ESTADIA US$60/DIA AT… US$600;0.62;INTERNACIONAL
2534;OURO VIDA PROMOCIONAL - 135;257;INFORMA«’ES EMBARQUE DE MENOR OU IDOSO DESACOMPANHADO;SEM LIMITE;0.62;NACIONAL E INTERNACIONAL
2534;OURO VIDA PROMOCIONAL - 135;258;TRANSMISS√O DE MENSAGENS URGENTES;SEM LIMITE;0.62;NACIONAL
2534;OURO VIDA PROMOCIONAL - 135;259;PERDA OU ROUBO DE DOCUMENTOS;SEM LIMITE;0.62;INTERNACIONAL
2534;OURO VIDA PROMOCIONAL - 135;13;Funeral Individual;R$3.000,00;0.62;NACIONAL
2534;OURO VIDA PROMOCIONAL - 135;125;INFORMACAO E INDICACAO DE PROFISSIONAIS;SEM LIMITE;0.62;NACIONAL
2531;BB PROTE«√O INFORM√ÅTICA - 1177;270;HELP DESK REMOTO;2 INTERNVEN«’ES AO ANO;0.23;NACIONAL
2530;BB PROTE«√O MOTORISTA - 1181;275;AUTO-SOCORRO AP”S PANE;AT… R$100,00 (SOMENTE M√O-DE-OBRA);0.48;NACIONAL
2530;BB PROTE«√O MOTORISTA - 1181;258;TRANSMISS√O DE MENSAGENS URGENTES;SEM LIMITE;0.48;NACIONAL
2530;BB PROTE«√O MOTORISTA - 1181;277;CHAVEIRO PARA VEÕCULO;M√O-DE-OBRA PARA ABERTURA;0.48;NACIONAL
2530;BB PROTE«√O MOTORISTA - 1181;278;TROCA DE PNEUS;M√O-DE-OBRA PARA TROCA DE PNEUS;0.48;NACIONAL
2530;BB PROTE«√O MOTORISTA - 1181;280;TRANSPORTE ALTERNATIVO;MEIO DE TRANSPORTE A CRIT…RIO DA ASSIST NCIA;0.48;NACIONAL
2530;BB PROTE«√O MOTORISTA - 1181;279;PANE-SECA;REBOQUE AT… POSTO DE ABASTECIMENTO;0.48;NACIONAL
2530;BB PROTE«√O MOTORISTA - 1181;283;MOTORISTA AMIGO;LIMITADO A 50KM;0.48;NACIONAL
2530;BB PROTE«√O MOTORISTA - 1181;281;TRANSPORTE PARA RECUPERA«√O DO VEÕCULO;MEIO DE TRANSPORTE A CRIT…RIO DA ASSIST NCIA;0.48;NACIONAL
2530;BB PROTE«√O MOTORISTA - 1181;274;CONCIERGE VIAGEM;2 INTERVEN«’ES AO ANO;0.48;NACIONAL
2530;BB PROTE«√O MOTORISTA - 1181;276;REBOQUE AP”S PANE OU EVENTO PREVISTO;AT… 100KM OU R$300,00;0.48;NACIONAL
2530;BB PROTE«√O MOTORISTA - 1181;282;HOSPEDAGEM;R$100,00 POR D√çARIA LIMITADO A 4 DI¡RIAS;0.48;NACIONAL
2529;BB PROTE«√O ESCOLAR - 1182;287;AULAS DE REFOR«O;R$500,00 AO ANO LIMITADO A 2 INTERVEN«’ES AO ANO;0.11;NACIONAL
2529;BB PROTE«√O ESCOLAR - 1182;286;AULAS DOMICILIARES;R$500,00 AO ANO LIMITADO A 2 INTERVEN«’ES AO ANO;0.11;NACIONAL
2529;BB PROTE«√O ESCOLAR - 1182;285;TRANSPORTE PARA FREQU NCIA ¿S AULAS;R$35,00 POR DIA LIMITADO A 20 DIAS  TEIS POR ANO;0.11;NACIONAL
2529;BB PROTE«√O ESCOLAR - 1182;284;REMO«√O M…DICA INTER-HOSPITALAR;MEIO DE TRANSPORTE A CRIT…RIO DA ASSIST NCIA;0.11;NACIONAL
2529;BB PROTE«√O ESCOLAR - 1182;258;TRANSMISS√O DE MENSAGENS URGENTES;SEM LIMITE;0.11;NACIONAL
2529;BB PROTE«√O ESCOLAR - 1182;266;TRANSPORTE PARA TRATAMENTO FISIOTER¡ÅPICO;AT… R$35,00 POR DIA LIMITADO A 20 DIAS  TEIS POR ANO;0.11;NACIONAL
2528;BB PROTE«√O FAMILIAR - 1179;272;ENCANADOR;R$200 (PREVISTO) E R$ 100 (EMERG) LIMITADO A 2 UTILIZ AO ANO;0.29;NACIONAL
2528;BB PROTE«√O FAMILIAR - 1179;258;TRANSMISS√O DE MENSAGENS URGENTES;SEM LIMITE;0.29;NACIONAL
2528;BB PROTE«√O FAMILIAR - 1179;18;Funeral Individual;R$2.000,00;0.29;NACIONAL
2528;BB PROTE«√O FAMILIAR - 1179;273;CHAVEIRO;R$200 (PREVISTO) E R$ 60 (EMERG) LIMITADO A 2 UTILIZ AO ANO;0.29;NACIONAL
2528;BB PROTE«√O FAMILIAR - 1179;271;ELETRICISTA;R$200 (PREVISTO) E R$ 100 (EMERG) LIMITADO A 2 UTILIZ AO ANO;0.29;NACIONAL
2527;BB PROTE«√O LAZER - 1180;255;PR… CHECK-IN A…REO;SEM LIMITE;0.23;NACIONAL E INTERNACIONAL
2527;BB PROTE«√O LAZER - 1180;274;CONCIERGE VIAGEM;2 INTERVEN«’ES AO ANO;0.23;NACIONAL
2527;BB PROTE«√O LAZER - 1180;256;LOCALIZA«√O DE BAGAGEM;SEM LIMITE;0.23;NACIONAL E INTERNACIONAL
2527;BB PROTE«√O LAZER - 1180;260;INFORMA«’ES DE VIAGEM;SEM LIMITE;0.23;NACIONAL E INTERNACIONAL
2527;BB PROTE«√O LAZER - 1180;258;TRANSMISS√O DE MENSAGENS URGENTES;SEM LIMITE;0.23;NACIONAL
2527;BB PROTE«√O LAZER - 1180;257;INFORMA«’ES EMBARQUE DE MENOR OU IDOSO DESACOMPANHADO;SEM LIMITE;0.23;NACIONAL E INTERNACIONAL
2527;BB PROTE«√O LAZER - 1180;259;PERDA OU ROUBO DE DOCUMENTOS;SEM LIMITE;0.23;INTERNACIONAL
2527;BB PROTE«√O LAZER - 1180;254;ACOMPANHANTE EM CASO DE INTERNA«√O HOSPITALAR;TRANSP AO LOCAL DE INTERNA«√O E ESTADIA US$60/DIA AT… US$600;0.23;INTERNACIONAL
2511;SOS EXCLUSIVO - 136;254;ACOMPANHANTE EM CASO DE INTERNA«√O HOSPITALAR;TRANSP AO LOCAL DE INTERNA«√O E ESTADIA US$60/DIA AT… US$600;0.58;INTERNACIONAL
2511;SOS EXCLUSIVO - 136;259;PERDA OU ROUBO DE DOCUMENTOS;SEM LIMITE;0.58;INTERNACIONAL
2511;SOS EXCLUSIVO - 136;277;CHAVEIRO PARA VEÕCULO;M√O-DE-OBRA PARA ABERTURA;0.58;NACIONAL
2511;SOS EXCLUSIVO - 136;257;INFORMA«’ES EMBARQUE DE MENOR OU IDOSO DESACOMPANHADO;SEM LIMITE;0.58;NACIONAL E INTERNACIONAL
2511;SOS EXCLUSIVO - 136;258;TRANSMISS√O DE MENSAGENS URGENTES;SEM LIMITE;0.58;NACIONAL
2511;SOS EXCLUSIVO - 136;278;TROCA DE PNEUS;M√O-DE-OBRA PARA TROCA DE PNEUS;0.58;NACIONAL
2511;SOS EXCLUSIVO - 136;289;VIGIL¬NCIA E CONSERTO DE FECHADURAS;R$300,00 (VIGIL¬NCIA) R$150,00 (CHAVEIRO) LIM. 2 UTIL. VIG.;0.58;NACIONAL
2511;SOS EXCLUSIVO - 136;288;CONSULTORIA OR«AMENT¡RIA;SEM LIMITES;0.58;NACIONAL
2511;SOS EXCLUSIVO - 136;300;CONTEN«√O EMERGENCIAL DE SINISTROS;AT… R$150,00 POR INTERVEN«√O;0.58;NACIONAL
2511;SOS EXCLUSIVO - 136;302;AUTO - SOCORRO AP”S ACIDENTE OU PANE;AT… R$200,00 (SOMENTE M√O-DE-OBRA);0.58;MERCOSUL
2511;SOS EXCLUSIVO - 136;306;AUXÕçLIO POR FALTA DE COMBUSTÕVEL;REBOQUE AT… O POSTO DE ABASTECIMENTO MAIS PR”XIMO;0.58;MERCOSUL
2511;SOS EXCLUSIVO - 136;308;ACIONAMENTO DE M…DICOS PARA CONSULTAS DOMICILIARES 24H;HONOR√ÅRIOS DOS PROFISSIONAIS POR CONTA DO USU¡RIO;0.58;NACIONAL
2511;SOS EXCLUSIVO - 136;309;INDICA«√O DE RECURSOS M…DICOS E HOSPITALARES P⁄BLICOS E PRIV;SEM LIMITES;0.58;NACIONAL
2511;SOS EXCLUSIVO - 136;310;INFORMA«’ES M…DICAS EM GERAL - TELEFONE;SEM LIMITES;0.58;NACIONAL
2511;SOS EXCLUSIVO - 136;291;DESPESAS COM RESTAURANTES E LAVANDERIAS;R$100/DIA ATE R$400 POR INTERVENCAO, LIM. A 2 UTILIZ VIGEN.;0.58;NACIONAL
2511;SOS EXCLUSIVO - 136;241;LIMPEZA DE RESID NCIA;ATE 150,00 POR INTERVENCAO, LIMITADO A 2 UTILIZ POR VIGENCIA;0.58;NACIONAL
2511;SOS EXCLUSIVO - 136;13;Funeral Individual;R$3.000,00;0.58;NACIONAL
2511;SOS EXCLUSIVO - 136;125;INFORMACAO E INDICACAO DE PROFISSIONAIS;SEM LIMITE;0.58;NACIONAL
2511;SOS EXCLUSIVO - 136;260;INFORMA«’ES DE VIAGEM;SEM LIMITE;0.58;NACIONAL E INTERNACIONAL
2511;SOS EXCLUSIVO - 136;301;MUDAN«A E GUARDA M”VEIS;R$200,00 (MUDAN«A) R$200,00 (GUARDA), LIM. A 2 UTILIZ. VIGEN;0.58;NACIONAL
2511;SOS EXCLUSIVO - 136;303;RETORNO AO DOMICÕçLIO OU CONTINUA«√O DA VIAGEM;1 PASSAGEM A…REA POR OCUPANTE;0.58;MERCOSUL
2511;SOS EXCLUSIVO - 136;256;LOCALIZA«√O DE BAGAGEM;SEM LIMITE;0.58;NACIONAL E INTERNACIONAL
2511;SOS EXCLUSIVO - 136;307;INDICA«√O DE REDE DE M…DICOS E SERVI«OS COMPLEMENTARES;HONOR√ÅRIOS DOS PROFISSIONAIS POR CONTA DO USU¡RIO;0.58;NACIONAL
2511;SOS EXCLUSIVO - 136;276;REBOQUE AP”S PANE OU EVENTO PREVISTO;AT… 100KM OU R$300,00;0.58;NACIONAL
2511;SOS EXCLUSIVO - 136;253;PASSAGEM PARA UM MEMBRO DA FAMÕçLIA;1 PASSAGEM A…REA CLASSE ECON‘MICA IDA E VOLTA;0.58;NACIONAL E INTERNACIONAL
2511;SOS EXCLUSIVO - 136;281;TRANSPORTE PARA RECUPERA«√O DO VEÕCULO;MEIO DE TRANSPORTE A CRIT…RIO DA ASSIST NCIA;0.58;NACIONAL
2511;SOS EXCLUSIVO - 136;304;HOSPEDAGEM POR IMOBILIZA«√O DO VEÕCULO;AT… R$ 100,00/DIA MAX. 5 DIAS POR EVENTO;0.58;MERCOSUL
2511;SOS EXCLUSIVO - 136;290;HOSPEDAGEM ALTERNATIVA;R$100,00/DIA LIMITADO A R$400 P/EVENTO LIM. 2 UTIL. POR VIG.;0.58;NACIONAL
2511;SOS EXCLUSIVO - 136;255;PR… CHECK-IN A…REO;SEM LIMITE;0.58;NACIONAL E INTERNACIONAL
2511;SOS EXCLUSIVO - 136;305;RECUPERA«√O DO VEÕCULO;PASSAGEM A…REA CLASSE ECON‘MICA;0.58;MERCOSUL
2510;SOS TOTAL PAGAMENTO ANUAL - 1175;294;CHAVEIRO PARA VEÕCULO;M√O DE OBRA P/ ABERTURA DO VEIC. LIMITADO A 2 UTILZ POR VIG.;0.62;MERCOSUL
2510;SOS TOTAL PAGAMENTO ANUAL - 1175;297;TRANSPORTE PARA RECUPERA«√O DO VEÕCULO;1 PASSAGEM A…REA, CLASSE EC‘. LIMITADO A 2 UTILIZ POR VIGEN.;0.62;MERCOSUL
2510;SOS TOTAL PAGAMENTO ANUAL - 1175;255;PR… CHECK-IN A…REO;SEM LIMITE;0.62;NACIONAL E INTERNACIONAL
2510;SOS TOTAL PAGAMENTO ANUAL - 1175;299;AUXÕçLIO POR FALTA DE COMBUSTÕVEL;REBOQUE AT… POSTO DE ABASTE. LIMITADO 2 UTILIZ. POR VIGENCIA;0.62;MERCOSUL
2510;SOS TOTAL PAGAMENTO ANUAL - 1175;253;PASSAGEM PARA UM MEMBRO DA FAMÕçLIA;1 PASSAGEM A…REA CLASSE ECON‘MICA IDA E VOLTA;0.62;NACIONAL E INTERNACIONAL
2510;SOS TOTAL PAGAMENTO ANUAL - 1175;290;HOSPEDAGEM ALTERNATIVA;R$100,00/DIA LIMITADO A R$400 P/EVENTO LIM. 2 UTIL. POR VIG.;0.62;NACIONAL
2510;SOS TOTAL PAGAMENTO ANUAL - 1175;256;LOCALIZA«√O DE BAGAGEM;SEM LIMITE;0.62;NACIONAL E INTERNACIONAL
2510;SOS TOTAL PAGAMENTO ANUAL - 1175;260;INFORMA«’ES DE VIAGEM;SEM LIMITE;0.62;NACIONAL E INTERNACIONAL
2510;SOS TOTAL PAGAMENTO ANUAL - 1175;292;REBOQUE AP”S ACIDENTE OU PANE;AT… 100KM OU R$300,00, LIMITADO A 2 UTILIZ POR VIGENCIA;0.62;MERCOSUL
2510;SOS TOTAL PAGAMENTO ANUAL - 1175;125;INFORMACAO E INDICACAO DE PROFISSIONAIS;SEM LIMITE;0.62;NACIONAL
2510;SOS TOTAL PAGAMENTO ANUAL - 1175;13;Funeral Individual;R$3.000,00;0.62;NACIONAL
2510;SOS TOTAL PAGAMENTO ANUAL - 1175;241;LIMPEZA DE RESID NCIA;ATE 150,00 POR INTERVENCAO, LIMITADO A 2 UTILIZ POR VIGENCIA;0.62;NACIONAL
2510;SOS TOTAL PAGAMENTO ANUAL - 1175;243;TRANSFER NCIA DE M”VEIS;ATE 200,00 POR INTERVENCAO, LIMITADO A 2 UTILIZ POR VIGENCIA;0.62;NACIONAL
2510;SOS TOTAL PAGAMENTO ANUAL - 1175;244;GUARDA DE M”VEIS;ATE 200,00 POR INTERVENCAO, LIMITADO A 2 UTILIZ POR VIGENCIA;0.62;NACIONAL
2510;SOS TOTAL PAGAMENTO ANUAL - 1175;239;CHAVEIRO;ATE 150,00 POR INTERVENCAO, LIMITADO A 2 UTILIZ POR VIGENCIA;0.62;NACIONAL
2510;SOS TOTAL PAGAMENTO ANUAL - 1175;237;ELETRICISTA;ATE 150,00 POR INTERVENCAO, LIMITADO A 2 UTILIZ POR VIGENCIA;0.62;NACIONAL
2510;SOS TOTAL PAGAMENTO ANUAL - 1175;293;AUTO - SOCORRO AP”S ACIDENTE OU PANE;AT… R$200,00 POR EVENTO, LIMITADO A 2 UTILIZ POR VIGENCIA;0.62;MERCOSUL
2510;SOS TOTAL PAGAMENTO ANUAL - 1175;295;RETORNO AO DOMICÕçLIO OU CONTINUA«√O DA VIAGEM;MAX. 1 PASSAGEM A…REA, CLASSE EC‘. LIM. A 2 UTIL. POR VIG.;0.62;MERCOSUL
2510;SOS TOTAL PAGAMENTO ANUAL - 1175;296;HOSPEDAGEM POR IMOBILIZA«√O DO VEÕCULO;AT… R$ 100,00/DIA MAX. 5 DIAS POR EVENTO, LIM. 2 UTILIZ VIG.;0.62;MERCOSUL
2510;SOS TOTAL PAGAMENTO ANUAL - 1175;289;VIGIL¬NCIA E CONSERTO DE FECHADURAS;R$300,00 (VIGIL¬NCIA) R$150,00 (CHAVEIRO) LIM. 2 UTIL. VIG.;0.62;NACIONAL
2510;SOS TOTAL PAGAMENTO ANUAL - 1175;291;DESPESAS COM RESTAURANTES E LAVANDERIAS;R$100/DIA ATE R$400 POR INTERVENCAO, LIM. A 2 UTILIZ VIGEN.;0.62;NACIONAL
2510;SOS TOTAL PAGAMENTO ANUAL - 1175;288;CONSULTORIA OR«AMENT¡RIA;SEM LIMITES;0.62;NACIONAL
2510;SOS TOTAL PAGAMENTO ANUAL - 1175;298;TROCA DE PNEU;M√O DE OBRA P/ TROCA, LIMITADO A 2 UTILIZ POR VIGENCIA;0.62;MERCOSUL
2510;SOS TOTAL PAGAMENTO ANUAL - 1175;258;TRANSMISS√O DE MENSAGENS URGENTES;SEM LIMITE;0.62;NACIONAL
2510;SOS TOTAL PAGAMENTO ANUAL - 1175;257;INFORMA«’ES EMBARQUE DE MENOR OU IDOSO DESACOMPANHADO;SEM LIMITE;0.62;NACIONAL E INTERNACIONAL
2510;SOS TOTAL PAGAMENTO ANUAL - 1175;259;PERDA OU ROUBO DE DOCUMENTOS;SEM LIMITE;0.62;INTERNACIONAL
2510;SOS TOTAL PAGAMENTO ANUAL - 1175;254;ACOMPANHANTE EM CASO DE INTERNA«√O HOSPITALAR;TRANSP AO LOCAL DE INTERNA«√O E ESTADIA US$60/DIA AT… US$600;0.62;INTERNACIONAL
2510;SOS TOTAL PAGAMENTO ANUAL - 1175;238;ENCANADOR;ATE 150,00 POR INTERVENCAO, LIMITADO A 2 UTILIZ POR VIGENCIA;0.62;NACIONAL
2509;SOS TOTAL - 121 E 135;238;ENCANADOR;ATE 150,00 POR INTERVENCAO, LIMITADO A 2 UTILIZ POR VIGENCIA;0.62;NACIONAL
2509;SOS TOTAL - 121 E 135;254;ACOMPANHANTE EM CASO DE INTERNA«√O HOSPITALAR;TRANSP AO LOCAL DE INTERNA«√O E ESTADIA US$60/DIA AT… US$600;0.62;INTERNACIONAL
2509;SOS TOTAL - 121 E 135;259;PERDA OU ROUBO DE DOCUMENTOS;SEM LIMITE;0.62;INTERNACIONAL
2509;SOS TOTAL - 121 E 135;257;INFORMA«’ES EMBARQUE DE MENOR OU IDOSO DESACOMPANHADO;SEM LIMITE;0.62;NACIONAL E INTERNACIONAL
2509;SOS TOTAL - 121 E 135;258;TRANSMISS√O DE MENSAGENS URGENTES;SEM LIMITE;0.62;NACIONAL
2509;SOS TOTAL - 121 E 135;298;TROCA DE PNEU;M√O DE OBRA P/ TROCA, LIMITADO A 2 UTILIZ POR VIGENCIA;0.62;MERCOSUL
2509;SOS TOTAL - 121 E 135;289;VIGIL¬NCIA E CONSERTO DE FECHADURAS;R$300,00 (VIGIL¬NCIA) R$150,00 (CHAVEIRO) LIM. 2 UTIL. VIG.;0.62;NACIONAL
2509;SOS TOTAL - 121 E 135;288;CONSULTORIA OR«AMENT¡RIA;SEM LIMITES;0.62;NACIONAL
2509;SOS TOTAL - 121 E 135;293;AUTO - SOCORRO AP”S ACIDENTE OU PANE;AT… R$200,00 POR EVENTO, LIMITADO A 2 UTILIZ POR VIGENCIA;0.62;MERCOSUL
2509;SOS TOTAL - 121 E 135;291;DESPESAS COM RESTAURANTES E LAVANDERIAS;R$100/DIA ATE R$400 POR INTERVENCAO, LIM. A 2 UTILIZ VIGEN.;0.62;NACIONAL
2509;SOS TOTAL - 121 E 135;296;HOSPEDAGEM POR IMOBILIZA«√O DO VEÕCULO;AT… R$ 100,00/DIA MAX. 5 DIAS POR EVENTO, LIM. 2 UTILIZ VIG.;0.62;MERCOSUL
2509;SOS TOTAL - 121 E 135;295;RETORNO AO DOMICÕçLIO OU CONTINUA«√O DA VIAGEM;MAX. 1 PASSAGEM A…REA, CLASSE EC‘. LIM. A 2 UTIL. POR VIG.;0.62;MERCOSUL
2509;SOS TOTAL - 121 E 135;239;CHAVEIRO;ATE 150,00 POR INTERVENCAO, LIMITADO A 2 UTILIZ POR VIGENCIA;0.62;NACIONAL
2509;SOS TOTAL - 121 E 135;241;LIMPEZA DE RESID NCIA;ATE 150,00 POR INTERVENCAO, LIMITADO A 2 UTILIZ POR VIGENCIA;0.62;NACIONAL
2509;SOS TOTAL - 121 E 135;237;ELETRICISTA;ATE 150,00 POR INTERVENCAO, LIMITADO A 2 UTILIZ POR VIGENCIA;0.62;NACIONAL
2509;SOS TOTAL - 121 E 135;244;GUARDA DE M”VEIS;ATE 200,00 POR INTERVENCAO, LIMITADO A 2 UTILIZ POR VIGENCIA;0.62;NACIONAL
2509;SOS TOTAL - 121 E 135;243;TRANSFER NCIA DE M”VEIS;ATE 200,00 POR INTERVENCAO, LIMITADO A 2 UTILIZ POR VIGENCIA;0.62;NACIONAL
2509;SOS TOTAL - 121 E 135;13;Funeral Individual;R$3.000,00;0.62;NACIONAL
2509;SOS TOTAL - 121 E 135;125;INFORMACAO E INDICACAO DE PROFISSIONAIS;SEM LIMITE;0.62;NACIONAL
2509;SOS TOTAL - 121 E 135;260;INFORMA«’ES DE VIAGEM;SEM LIMITE;0.62;NACIONAL E INTERNACIONAL
2509;SOS TOTAL - 121 E 135;256;LOCALIZA«√O DE BAGAGEM;SEM LIMITE;0.62;NACIONAL E INTERNACIONAL
2509;SOS TOTAL - 121 E 135;292;REBOQUE AP”S ACIDENTE OU PANE;AT… 100KM OU R$300,00, LIMITADO A 2 UTILIZ POR VIGENCIA;0.62;MERCOSUL
2509;SOS TOTAL - 121 E 135;290;HOSPEDAGEM ALTERNATIVA;R$100,00/DIA LIMITADO A R$400 P/EVENTO LIM. 2 UTIL. POR VIG.;0.62;NACIONAL
2509;SOS TOTAL - 121 E 135;253;PASSAGEM PARA UM MEMBRO DA FAMÕçLIA;1 PASSAGEM A…REA CLASSE ECON‘MICA IDA E VOLTA;0.62;NACIONAL E INTERNACIONAL
2509;SOS TOTAL - 121 E 135;299;AUXÕçLIO POR FALTA DE COMBUSTÕVEL;REBOQUE AT… POSTO DE ABASTE. LIMITADO 2 UTILIZ. POR VIGENCIA;0.62;MERCOSUL
2509;SOS TOTAL - 121 E 135;255;PR… CHECK-IN A…REO;SEM LIMITE;0.62;NACIONAL E INTERNACIONAL
2509;SOS TOTAL - 121 E 135;294;CHAVEIRO PARA VEÕCULO;M√O DE OBRA P/ ABERTURA DO VEIC. LIMITADO A 2 UTILZ POR VIG.;0.62;MERCOSUL
2509;SOS TOTAL - 121 E 135;297;TRANSPORTE PARA RECUPERA«√O DO VEÕCULO;1 PASSAGEM A…REA, CLASSE EC‘. LIMITADO A 2 UTILIZ POR VIGEN.;0.62;MERCOSUL
2462;BB VIDA MULHER DOMICILIAR PLANO II - 716 E 1174;247;SERVI«OS DE FAXINEIRA;40,00 POR DIA, LIMITADO A 7 DIAS POR ANO;0.23;NACIONAL
2462;BB VIDA MULHER DOMICILIAR PLANO II - 716 E 1174;252;LOCA«√O DE FREEZER, FOG√O E GELADEIRA;R$30,00 POR DIA LIMITADO A 4 DIAS POR ANO;0.23;NACIONAL
2462;BB VIDA MULHER DOMICILIAR PLANO II - 716 E 1174;246;DESPESAS COM RESTAURANTES E LAVANDERIAS;ATE 400,00 POR INTERVENCAO, LIMITADO A 2 UTILIZ POR VIGENCIA;0.23;NACIONAL
2462;BB VIDA MULHER DOMICILIAR PLANO II - 716 E 1174;113;VIDRACEIRO;ATE 150,00 POR INTERVENCAO, LIMITADO A 2 UTILIZ POR VIGENCIA;0.23;NACIONAL
2462;BB VIDA MULHER DOMICILIAR PLANO II - 716 E 1174;244;GUARDA DE M”VEIS;ATE 200,00 POR INTERVENCAO, LIMITADO A 2 UTILIZ POR VIGENCIA;0.23;NACIONAL
2462;BB VIDA MULHER DOMICILIAR PLANO II - 716 E 1174;242;VIGIL¬NCIA;ATE 300,00 POR INTERVENCAO, LIMITADO A 2 UTILIZ POR VIGENCIA;0.23;NACIONAL
2462;BB VIDA MULHER DOMICILIAR PLANO II - 716 E 1174;243;TRANSFER NCIA DE M”VEIS;ATE 200,00 POR INTERVENCAO, LIMITADO A 2 UTILIZ POR VIGENCIA;0.23;NACIONAL
2462;BB VIDA MULHER DOMICILIAR PLANO II - 716 E 1174;245;HOSPEDAGEM ALTERNATIVA;ATE 400,00 POR INTERVENCAO, LIMITADO A 2 UTILIZ POR VIGENCIA;0.23;NACIONAL
2462;BB VIDA MULHER DOMICILIAR PLANO II - 716 E 1174;248;RETORNO ANTECIPADO AO DOMICÕçLIO;SEM LIMITE;0.23;NACIONAL
2462;BB VIDA MULHER DOMICILIAR PLANO II - 716 E 1174;249;RETORNO PARA RECUPERA«√O DO VEÕCULO;SEM LIMITE;0.23;NACIONAL
2462;BB VIDA MULHER DOMICILIAR PLANO II - 716 E 1174;250;SERVI«O DE BAB¡Å E BER«¡RIO;R$50,00 POR DIA LIMITADO A 5 DIAS POR ANO;0.23;NACIONAL
2462;BB VIDA MULHER DOMICILIAR PLANO II - 716 E 1174;251;GUARDA DE ANIMAIS DE ESTIMA«√O;R$30,00 POR DIA LIMITADO A 4 DIAS POR ANO;0.23;NACIONAL
2462;BB VIDA MULHER DOMICILIAR PLANO II - 716 E 1174;237;ELETRICISTA;ATE 150,00 POR INTERVENCAO, LIMITADO A 2 UTILIZ POR VIGENCIA;0.23;NACIONAL
2462;BB VIDA MULHER DOMICILIAR PLANO II - 716 E 1174;241;LIMPEZA DE RESID NCIA;ATE 150,00 POR INTERVENCAO, LIMITADO A 2 UTILIZ POR VIGENCIA;0.23;NACIONAL
2462;BB VIDA MULHER DOMICILIAR PLANO II - 716 E 1174;239;CHAVEIRO;ATE 150,00 POR INTERVENCAO, LIMITADO A 2 UTILIZ POR VIGENCIA;0.23;NACIONAL
2462;BB VIDA MULHER DOMICILIAR PLANO II - 716 E 1174;240;CHAVEIRO PARA PERDA OU ROUBO DAS CHAVES;ABERTURA DE UMA PORTA E CONFEC«√O DE UMA CHAVE;0.23;NACIONAL
2462;BB VIDA MULHER DOMICILIAR PLANO II - 716 E 1174;238;ENCANADOR;ATE 150,00 POR INTERVENCAO, LIMITADO A 2 UTILIZ POR VIGENCIA;0.23;NACIONAL
2446;BB VIDA MULHER INFORMA«’ES 24HS - 716 E 1174;269;SERVI«OS DE CONEX√O TELEF‘NICA;SEM LIMITE;0.03;NACIONAL
2445;BB VIDA MULHER TROCA DE PNEU - 716 E 1174;268;TROCA DE PNEUS;AT… R$150,00 POR UTILIZA«√O LIMITADO A 1 UTILIZ POR VIGENCIA;0.01;NACIONAL
2443;BB VIDA MULHER 2∫ OPINI√O M…DICA - 716 E 1174;267;SEGUNDA OPINI√O M…DICA;SEM LIMITE;0.15;NACIONAL
2442;BB VIDA MULHER EDUCACIONAL - 716 E 1174;261;REFER NCIA M…DICA;SEM LIMITE;0.04;NACIONAL
2442;BB VIDA MULHER EDUCACIONAL - 716 E 1174;262;REMO«√O M…DICA POR ACIDENTE OU DOEN«A;SEM LIMITE;0.04;NACIONAL
2442;BB VIDA MULHER EDUCACIONAL - 716 E 1174;263;PROFESSOR PARTICULAR PARA REPOSI«√O DE AULAS PERDIDAS;AT… R$500,00;0.04;NACIONAL
2442;BB VIDA MULHER EDUCACIONAL - 716 E 1174;264;PROFESSOR PARTICULAR PARA REFOR«O;AT… R$500,00;0.04;NACIONAL
2442;BB VIDA MULHER EDUCACIONAL - 716 E 1174;265;TRANSPORTE DO USU¡RIO POR LES√O OU DOEN«A;AT… R$35,00 POR DIA LIMITADO A 20 DIAS  TEIS POR ANO;0.04;NACIONAL
2442;BB VIDA MULHER EDUCACIONAL - 716 E 1174;266;TRANSPORTE PARA TRATAMENTO FISIOTER¡ÅPICO;AT… R$35,00 POR DIA LIMITADO A 20 DIAS  TEIS POR ANO;0.04;NACIONAL
2442;BB VIDA MULHER EDUCACIONAL - 716 E 1174;258;TRANSMISS√O DE MENSAGENS URGENTES;SEM LIMITE;0.04;NACIONAL
2441;BB VIDA MULHER PESSOAS - 716 E 1174;257;INFORMA«’ES EMBARQUE DE MENOR OU IDOSO DESACOMPANHADO;SEM LIMITE;0.21;NACIONAL E INTERNACIONAL
2441;BB VIDA MULHER PESSOAS - 716 E 1174;258;TRANSMISS√O DE MENSAGENS URGENTES;SEM LIMITE;0.21;NACIONAL
2441;BB VIDA MULHER PESSOAS - 716 E 1174;259;PERDA OU ROUBO DE DOCUMENTOS;SEM LIMITE;0.21;INTERNACIONAL
2441;BB VIDA MULHER PESSOAS - 716 E 1174;254;ACOMPANHANTE EM CASO DE INTERNA«√O HOSPITALAR;TRANSP AO LOCAL DE INTERNA«√O E ESTADIA US$60/DIA AT… US$600;0.21;INTERNACIONAL
2441;BB VIDA MULHER PESSOAS - 716 E 1174;255;PR… CHECK-IN A…REO;SEM LIMITE;0.21;NACIONAL E INTERNACIONAL
2441;BB VIDA MULHER PESSOAS - 716 E 1174;256;LOCALIZA«√O DE BAGAGEM;SEM LIMITE;0.21;NACIONAL E INTERNACIONAL
2441;BB VIDA MULHER PESSOAS - 716 E 1174;260;INFORMA«’ES DE VIAGEM;SEM LIMITE;0.21;NACIONAL E INTERNACIONAL
2440;BB VIDA MULHER FUNERAL - 716 E 1174;253;PASSAGEM PARA UM MEMBRO DA FAMÕçLIA;1 PASSAGEM A…REA CLASSE ECON‘MICA IDA E VOLTA;0.07;NACIONAL E INTERNACIONAL
2440;BB VIDA MULHER FUNERAL - 716 E 1174;13;Funeral Individual;R$3.000,00;0.07;NACIONAL
310;RESIDENCIAL PERSONALIZADO;31;AssistÍncia Residencial;NULL;0.24;NACIONAL
207;ASSIST NCIA FUNERAL - BESC;13;Funeral Individual;R$3.000,00;0.00;NACIONAL
206;ASSIST NCIA FUNERAL - BESC;53;Funeral Familiar;R$2.750,00;0.00;NACIONAL
205;ASSIST NCIA FUNERAL - BESC;52;Funeral Individual;R$2.750,00;0.00;NACIONAL
204;ASSIST NCIA FUNERAL - BESC;51;Funeral Familiar;R$2.200,00;0.00;NACIONAL
203;ASSIST NCIA FUNERAL - BESC;50;Funeral Individual;R$2.200,00;0.00;NACIONAL
202;ASSIST NCIA FUNERAL - BESC;18;Funeral Individual;R$2.000,00;0.00;NACIONAL
201;CESTA B¡SICA - BESC;54;Cesta B·sica;6 MESES - R$ 300,00;0.00;NACIONAL
120;ASSIST NCIA FUNERAL - R$ 3.500,00;68;AssistÍncia Funeral - Individual;R$3.500;0.25;NACIONAL
116;SOS TOTAL COLIGADAS;57;FUNERAL TITULAR + C‘NJUGE;R$3.000,00;0.70;NACIONAL E INTERNACIONAL
116;SOS TOTAL COLIGADAS;26;Viagem;SEM LIMITE;0.70;NACIONAL E INTERNACIONAL
116;SOS TOTAL COLIGADAS;31;AssistÍncia Residencial;NULL;0.70;NACIONAL
116;SOS TOTAL COLIGADAS;32;AssistÍncia AutomÛvel;NULL;0.70;NACIONAL
115;ASSIST NCIA FUNCION¡ÅRIOS ALIAN«A;32;AssistÍncia AutomÛvel;NULL;0.01;NACIONAL
115;ASSIST NCIA FUNCION¡ÅRIOS ALIAN«A;31;AssistÍncia Residencial;NULL;0.01;NACIONAL
115;ASSIST NCIA FUNCION¡ÅRIOS ALIAN«A;26;Viagem;SEM LIMITE;0.01;NACIONAL E INTERNACIONAL
115;ASSIST NCIA FUNCION¡ÅRIOS ALIAN«A;58;Funeral Titular + CÙnjuge + Filhos + Pais;R$3.000,00;0.01;NACIONAL
114;ASSIST NCIA 24 HORAS;36;Funeral Familiar;R$7.000,00;0.88;NACIONAL
113;ASSIST NCIA 24 HORAS;35;Funeral Familiar;R$5.000,00;0.67;NACIONAL
112;ASSIST NCIA 24 HORAS;34;Funeral Individual;R$7.000,00;0.44;NACIONAL
111;ASSIST NCIA FUNERAL;33;Funeral Individual;R$5.000,00;0.36;NACIONAL
110;ASSIST NCIA FUNERAL;14;Funeral Familiar;R$3.000,00;0.46;NACIONAL
94;ASSIST NCIA RESIDENCIAL ESPECIAL CASA;89;ASSIST NCIA RESIDENCIAL ESPECIAL CASA;NULL;160.00;NACIONAL
93;ASSIST NCIA RESIDENCIAL ESPECIAL APTO;88;ASSIST NCIA RESIDENCIAL ESPECIAL APTO;NULL;160.00;NACIONAL
92;ASSIST NCIA RESIDENCIAL ESTILO COMPLETA;87;ASSIST NCIA RESIDENCIAL ESTILO COMPLETA;NULL;24.00;NACIONAL
91;ASSIST NCIA RESIDENCIAL COMPLETA;86;ASSIST NCIA RESIDENCIAL COMPLETA;NULL;52.00;NACIONAL
90;ASSIST NCIA RESIDENCIAL B¡SICA;85;ASSIST NCIA RESIDENCIAL B¡SICA;NULL;15.00;NACIONAL
84;TIT. + C‘NJ. + FILHOS - VIDA EMP. FLEX;232;FUNERAL TITULAR + C‘NJUGE+FILHOS;NULL;0.00;NACIONAL E INTERNACIONAL
83;TIT.+ C‘NJUGE - VIDA EMP. FLEX;231;FUNERAL TITULAR + C‘NJUGE;NULL;0.00;NACIONAL E INTERNACIONAL
82;TITULAR - VIDA EMP. FLEX;234;FUNERAL INDIVIDUAL;NULL;0.00;NACIONAL E INTERNACIONAL
81;ASSIST NCIA ATOS VIOLENTOS;67;AssistÍncia Atos Violentos;NULL;0.20;NACIONAL
79;ASSIST NCIA DE TRASLADO DE FAMILIARES;84;TRANSPORTE DE FAMILIARES;R$5.000,00;0.00;NACIONAL E INTERNACIONAL
78;ASSIST NCIA DE TRASLADO DO CORPO;83;TRASLADO DO CORPO;R$5.000,00;0.00;NACIONAL E INTERNACIONAL
77;ASSIST NCIA CESTA B¡SICA;77;CESTA ALIMENTA«√O;12 CESTAS MENSAIS NO VALOR DE R$ 250,00 CADA;0.00;NACIONAL
76;PROD_1217_FUNERAL INDIVIDUAL;77;CESTA ALIMENTA«√O;12 CESTAS MENSAIS NO VALOR DE R$ 250,00 CADA;0.00;NACIONAL
76;PROD_1217_FUNERAL INDIVIDUAL;84;TRANSPORTE DE FAMILIARES;R$5.000,00;0.00;NACIONAL E INTERNACIONAL
76;PROD_1217_FUNERAL INDIVIDUAL;80;FUNERAL INDIVIDUAL;R$8.000,00;0.00;NACIONAL E INTERNACIONAL
76;PROD_1217_FUNERAL INDIVIDUAL;61;Assessoria PsicolÛgica;SEM LIMITE;0.00;NACIONAL
76;PROD_1217_FUNERAL INDIVIDUAL;83;TRASLADO DO CORPO;R$5.000,00;0.00;NACIONAL E INTERNACIONAL
75;PROD_1217_FUNERAL TITULAR E FILHOS;83;TRASLADO DO CORPO;R$5.000,00;0.00;NACIONAL E INTERNACIONAL
75;PROD_1217_FUNERAL TITULAR E FILHOS;61;Assessoria PsicolÛgica;SEM LIMITE;0.00;NACIONAL
75;PROD_1217_FUNERAL TITULAR E FILHOS;84;TRANSPORTE DE FAMILIARES;R$5.000,00;0.00;NACIONAL E INTERNACIONAL
75;PROD_1217_FUNERAL TITULAR E FILHOS;77;CESTA ALIMENTA«√O;12 CESTAS MENSAIS NO VALOR DE R$ 250,00 CADA;0.00;NACIONAL
75;PROD_1217_FUNERAL TITULAR E FILHOS;82;FUNERAL TITULAR E FILHOS;R$8.000,00;0.00;NACIONAL E INTERNACIONAL
74;PROD_1217_FUNERAL INDIVIDUAL;77;CESTA ALIMENTA«√O;12 CESTAS MENSAIS NO VALOR DE R$ 250,00 CADA;0.00;NACIONAL
74;PROD_1217_FUNERAL INDIVIDUAL;84;TRANSPORTE DE FAMILIARES;R$5.000,00;0.00;NACIONAL E INTERNACIONAL
74;PROD_1217_FUNERAL INDIVIDUAL;61;Assessoria PsicolÛgica;SEM LIMITE;0.00;NACIONAL
74;PROD_1217_FUNERAL INDIVIDUAL;79;FUNERAL INDIVIDUAL;R$5.000,00;0.00;NACIONAL E INTERNACIONAL
74;PROD_1217_FUNERAL INDIVIDUAL;83;TRASLADO DO CORPO;R$5.000,00;0.00;NACIONAL E INTERNACIONAL
73;PROD_1217_FUNERAL TITULAR E FILHOS;83;TRASLADO DO CORPO;R$5.000,00;0.00;NACIONAL E INTERNACIONAL
73;PROD_1217_FUNERAL TITULAR E FILHOS;81;FUNERAL TITULAR E FILHOS;R$5.000,00;0.00;NACIONAL E INTERNACIONAL
73;PROD_1217_FUNERAL TITULAR E FILHOS;61;Assessoria PsicolÛgica;SEM LIMITE;0.00;NACIONAL
73;PROD_1217_FUNERAL TITULAR E FILHOS;84;TRANSPORTE DE FAMILIARES;R$5.000,00;0.00;NACIONAL E INTERNACIONAL
73;PROD_1217_FUNERAL TITULAR E FILHOS;77;CESTA ALIMENTA«√O;12 CESTAS MENSAIS NO VALOR DE R$ 250,00 CADA;0.00;NACIONAL
72;PROD_1217_FUNERAL INDIVIDUAL;77;CESTA ALIMENTA«√O;12 CESTAS MENSAIS NO VALOR DE R$ 250,00 CADA;0.00;NACIONAL
72;PROD_1217_FUNERAL INDIVIDUAL;84;TRANSPORTE DE FAMILIARES;R$5.000,00;0.00;NACIONAL E INTERNACIONAL
72;PROD_1217_FUNERAL INDIVIDUAL;61;Assessoria PsicolÛgica;SEM LIMITE;0.00;NACIONAL
72;PROD_1217_FUNERAL INDIVIDUAL;73;FUNERAL INDIVIDUAL;R$3.000,00;0.00;NACIONAL E INTERNACIONAL
72;PROD_1217_FUNERAL INDIVIDUAL;83;TRASLADO DO CORPO;R$5.000,00;0.00;NACIONAL E INTERNACIONAL
71;PROD_1217_FUNERAL TITULAR E FILHOS;83;TRASLADO DO CORPO;R$5.000,00;0.00;NACIONAL E INTERNACIONAL
71;PROD_1217_FUNERAL TITULAR E FILHOS;61;Assessoria PsicolÛgica;SEM LIMITE;0.00;NACIONAL
71;PROD_1217_FUNERAL TITULAR E FILHOS;84;TRANSPORTE DE FAMILIARES;R$5.000,00;0.00;NACIONAL E INTERNACIONAL
71;PROD_1217_FUNERAL TITULAR E FILHOS;75;FUNERAL TITULAR E FILHOS;R$3.000,00;0.00;NACIONAL E INTERNACIONAL
71;PROD_1217_FUNERAL TITULAR E FILHOS;77;CESTA ALIMENTA«√O;12 CESTAS MENSAIS NO VALOR DE R$ 250,00 CADA;0.00;NACIONAL
70;ASSIST NCIA FUNERAL - AP REMARK;18;Funeral Individual;R$2.000,00;0.00;NACIONAL
66;PROD_1218_PLANO FAMILIAR;61;Assessoria PsicolÛgica;SEM LIMITE;0.00;NACIONAL
66;PROD_1218_PLANO FAMILIAR;74;ASSIST NCIA FUNERAL FAMILIAR;R$3.000,00;0.00;NACIONAL E INTERNACIONAL
66;PROD_1218_PLANO FAMILIAR;76;CESTA B¡SICA;6 CESTAS MENSAIS NO VALOR DE R$ 100,00 CADA;0.00;NACIONAL
65;PROD_1218_PLANO INDIVIDUAL;76;CESTA B¡SICA;6 CESTAS MENSAIS NO VALOR DE R$ 100,00 CADA;0.00;NACIONAL
65;PROD_1218_PLANO INDIVIDUAL;73;FUNERAL INDIVIDUAL;R$3.000,00;0.00;NACIONAL E INTERNACIONAL
65;PROD_1218_PLANO INDIVIDUAL;61;Assessoria PsicolÛgica;SEM LIMITE;0.00;NACIONAL
64;ASSIST NCIA FUNERAL INDIVIDUAL - INTERNET;13;Funeral Individual;R$3.000,00;0.00;NACIONAL
60;COMBO DIH UTI;63;AssistÍncia Boa Forma;SEM LIMITE;0.00;NACIONAL
59;COMBO DIH;62;AssistÍncia Bem Estar;SEM LIMITE;0.00;NACIONAL
58;COMBO AF;61;Assessoria PsicolÛgica;SEM LIMITE;0.00;NACIONAL
58;COMBO AF;42;Concierge;NULL;0.00;NACIONAL E INTERNACIONAL
57;COMBO IPA AUTO;60;ServiÁos Executivos;SEM LIMITE;0.00;NACIONAL
56;COMBO IPA;66;AssistÍncia seu Carro;SEM LIMITE;0.00;NACIONAL
55;COMBO MA + AF;59;AssistÍncia sua Casa;SEM LIMITE;0.00;NACIONAL
55;COMBO MA + AF;65;AssistÍncia Boa Viagem;SEM LIMITE;0.00;NACIONAL E INTERNACIONAL
54;COMBO TOTAL;65;AssistÍncia Boa Viagem;SEM LIMITE;0.00;NACIONAL E INTERNACIONAL
54;COMBO TOTAL;64;AssistÍncia Animais de EstimaÁ√£o;SEM LIMITE;0.00;NACIONAL
54;COMBO TOTAL;61;Assessoria PsicolÛgica;SEM LIMITE;0.00;NACIONAL
54;COMBO TOTAL;63;AssistÍncia Boa Forma;SEM LIMITE;0.00;NACIONAL
54;COMBO TOTAL;62;AssistÍncia Bem Estar;SEM LIMITE;0.00;NACIONAL
54;COMBO TOTAL;60;ServiÁos Executivos;SEM LIMITE;0.00;NACIONAL
54;COMBO TOTAL;59;AssistÍncia sua Casa;SEM LIMITE;0.00;NACIONAL
54;COMBO TOTAL;42;Concierge;NULL;0.00;NACIONAL E INTERNACIONAL
54;COMBO TOTAL;66;AssistÍncia seu Carro;SEM LIMITE;0.00;NACIONAL
53;COMBO MA + IPA + AF + DIH;66;AssistÍncia seu Carro;SEM LIMITE;0.00;NACIONAL
53;COMBO MA + IPA + AF + DIH;42;Concierge;NULL;0.00;NACIONAL E INTERNACIONAL
53;COMBO MA + IPA + AF + DIH;59;AssistÍncia sua Casa;SEM LIMITE;0.00;NACIONAL
53;COMBO MA + IPA + AF + DIH;61;Assessoria PsicolÛgica;SEM LIMITE;0.00;NACIONAL
53;COMBO MA + IPA + AF + DIH;62;AssistÍncia Bem Estar;SEM LIMITE;0.00;NACIONAL
53;COMBO MA + IPA + AF + DIH;65;AssistÍncia Boa Viagem;SEM LIMITE;0.00;NACIONAL E INTERNACIONAL
52;COMBO MA + IPA + IPA AUTO + IPA CRIME + AF;65;AssistÍncia Boa Viagem;SEM LIMITE;0.00;NACIONAL E INTERNACIONAL
52;COMBO MA + IPA + IPA AUTO + IPA CRIME + AF;64;AssistÍncia Animais de EstimaÁ√£o;SEM LIMITE;0.00;NACIONAL
52;COMBO MA + IPA + IPA AUTO + IPA CRIME + AF;61;Assessoria PsicolÛgica;SEM LIMITE;0.00;NACIONAL
52;COMBO MA + IPA + IPA AUTO + IPA CRIME + AF;60;ServiÁos Executivos;SEM LIMITE;0.00;NACIONAL
52;COMBO MA + IPA + IPA AUTO + IPA CRIME + AF;59;AssistÍncia sua Casa;SEM LIMITE;0.00;NACIONAL
52;COMBO MA + IPA + IPA AUTO + IPA CRIME + AF;42;Concierge;NULL;0.00;NACIONAL E INTERNACIONAL
52;COMBO MA + IPA + IPA AUTO + IPA CRIME + AF;66;AssistÍncia seu Carro;SEM LIMITE;0.00;NACIONAL
51;COMBO MA + IPA + AF;66;AssistÍncia seu Carro;SEM LIMITE;0.00;NACIONAL
51;COMBO MA + IPA + AF;42;Concierge;NULL;0.00;NACIONAL E INTERNACIONAL
51;COMBO MA + IPA + AF;59;AssistÍncia sua Casa;SEM LIMITE;0.00;NACIONAL
51;COMBO MA + IPA + AF;61;Assessoria PsicolÛgica;SEM LIMITE;0.00;NACIONAL
51;COMBO MA + IPA + AF;65;AssistÍncia Boa Viagem;SEM LIMITE;0.00;NACIONAL E INTERNACIONAL
50;COMBO MA + AF;65;AssistÍncia Boa Viagem;SEM LIMITE;0.00;NACIONAL E INTERNACIONAL
50;COMBO MA + AF;61;Assessoria PsicolÛgica;SEM LIMITE;0.00;NACIONAL
50;COMBO MA + AF;59;AssistÍncia sua Casa;SEM LIMITE;0.00;NACIONAL
50;COMBO MA + AF;42;Concierge;NULL;0.00;NACIONAL E INTERNACIONAL
48;ASSIST NCIA EMPRESARIAL-BNB;49;AssistÍncia Empresarial;NULL;0.00;NACIONAL
47;BANCO DO BRASIL SEGUROS OURO VIDA ESTILO FACULTATIVO PL. II;44;Personal Fitness;NULL;0.00;NACIONAL
47;BANCO DO BRASIL SEGUROS OURO VIDA ESTILO FACULTATIVO PL. II;46;AssistÍncia Funeral Filhos;R$5.000,00;0.00;NACIONAL E INTERNACIONAL
47;BANCO DO BRASIL SEGUROS OURO VIDA ESTILO FACULTATIVO PL. II;43;InformaÁıes Nutricionais;NULL;0.00;NACIONAL
47;BANCO DO BRASIL SEGUROS OURO VIDA ESTILO FACULTATIVO PL. II;42;Concierge;NULL;0.00;NACIONAL E INTERNACIONAL
47;BANCO DO BRASIL SEGUROS OURO VIDA ESTILO FACULTATIVO PL. II;45;Viagem Schengen;NULL;0.00;NACIONAL E INTERNACIONAL
47;BANCO DO BRASIL SEGUROS OURO VIDA ESTILO FACULTATIVO PL. II;40;Check-Up Vida;NULL;0.00;NACIONAL
47;BANCO DO BRASIL SEGUROS OURO VIDA ESTILO FACULTATIVO PL. II;41;Pet;NULL;0.00;NACIONAL
46;BANCO DO BRASIL SEGUROS OURO VIDA ESTILO FACULTATIVO PL. I;45;Viagem Schengen;NULL;0.00;NACIONAL E INTERNACIONAL
46;BANCO DO BRASIL SEGUROS OURO VIDA ESTILO FACULTATIVO PL. I;41;Pet;NULL;0.00;NACIONAL
46;BANCO DO BRASIL SEGUROS OURO VIDA ESTILO FACULTATIVO PL. I;40;Check-Up Vida;NULL;0.00;NACIONAL
46;BANCO DO BRASIL SEGUROS OURO VIDA ESTILO FACULTATIVO PL. I;42;Concierge;NULL;0.00;NACIONAL E INTERNACIONAL
46;BANCO DO BRASIL SEGUROS OURO VIDA ESTILO FACULTATIVO PL. I;44;Personal Fitness;NULL;0.00;NACIONAL
46;BANCO DO BRASIL SEGUROS OURO VIDA ESTILO FACULTATIVO PL. I;43;InformaÁıes Nutricionais;NULL;0.00;NACIONAL
46;BANCO DO BRASIL SEGUROS OURO VIDA ESTILO FACULTATIVO PL. I;38;AssistÍncia Funeral CÙnjuge e Filhos;R$5.000,00;0.00;NACIONAL E INTERNACIONAL
45;BANCO DO BRASIL SEGUROS OURO VIDA ESTILO COMPULSORIO;37;AssistÍncia Funeral Individual;R$5.000,00;0.00;NACIONAL E INTERNACIONAL
45;BANCO DO BRASIL SEGUROS OURO VIDA ESTILO COMPULSORIO;48;Executive Express;NULL;0.00;NACIONAL
45;BANCO DO BRASIL SEGUROS OURO VIDA ESTILO COMPULSORIO;39;AssistÍncia Residencial + Eletroassist + Check-Up Lar;NULL;0.00;NACIONAL
45;BANCO DO BRASIL SEGUROS OURO VIDA ESTILO COMPULSORIO;47;Apoio PsicolÛgico;NULL;0.00;NACIONAL
44;BANCO DO BRASIL SEGUROS OURO VIDA ESTILO COMPULSORIO;47;Apoio PsicolÛgico;NULL;0.00;NACIONAL
44;BANCO DO BRASIL SEGUROS OURO VIDA ESTILO COMPULSORIO;39;AssistÍncia Residencial + Eletroassist + Check-Up Lar;NULL;0.00;NACIONAL
44;BANCO DO BRASIL SEGUROS OURO VIDA ESTILO COMPULSORIO;37;AssistÍncia Funeral Individual;R$5.000,00;0.00;NACIONAL E INTERNACIONAL
44;BANCO DO BRASIL SEGUROS OURO VIDA ESTILO COMPULSORIO;40;Check-Up Vida;NULL;0.00;NACIONAL
43;ASSIST NCIA CESTA B¡SICA;25;Cesta B·sica;12 MESES;0.18;NACIONAL
42;ASSIST NCIA CESTA B¡SICA;24;Cesta B·sica;6 MESES;0.17;NACIONAL
41;ASSIST NCIA CESTA B¡SICA;23;Cesta B·sica;3 MESES;0.16;NACIONAL
40;ASSIST NCIA CESTA B¡SICA;70;CESTA B¡SICA;12 MESES - R$ 300,00;0.54;NACIONAL
35;CESTA NATALIDADE;69;CESTA NATALIDADE;SEM LIMITE;0.81;NACIONAL
21;ASSIST NCIA A PESSOAS PERSONALIZADOS;26;Viagem;SEM LIMITE;0.24;NACIONAL E INTERNACIONAL
20;SOS TOTAL - OURO RESIDENCIAL - ESTILO;39;AssistÍncia Residencial + Eletroassist + Check-Up Lar;NULL;15.00;NACIONAL
19;ASSIST NCIA FUNERAL;16;Funeral Familiar;R$2.500,00;0.41;NACIONAL
18;ASSIST NCIA FUNERAL;8;Funeral Familiar;R$2.000,00;0.36;NACIONAL
17;ASSIST NCIA FUNERAL;20;Funeral Familiar;R$1.500,00;0.31;NACIONAL
16;ASSIST NCIA FUNERAL;22;Funeral Familiar;R$1.000,00;0.25;NACIONAL
15;ASSIST NCIA 24 HORAS;13;Funeral Individual;R$3.000,00;0.23;NACIONAL
14;ASSIST NCIA FUNERAL;15;Funeral Individual;R$2.500,00;0.20;NACIONAL
13;ASSIST NCIA FUNERAL;18;Funeral Individual;R$2.000,00;0.19;NACIONAL
12;ASSIST NCIA FUNERAL;19;Funeral Individual;R$1.500,00;0.18;NACIONAL
11;ASSIST NCIA FUNERAL;21;Funeral Individual;R$1.000,00;0.17;NACIONAL
1;ASSIST NCIA 24 HORAS;2;Funeral Individual;NULL;0.20;INTERNACIONAL
